id,location,lang,friends_count,followers_count
747811890991087617,Afrique,fr,21,17
747811890991087617,Afrique,fr,21,17
24621370,Prisoner of thought,en,626,566
1332398161,,en,60,33
14424667,L.A. all day,en,2849,6022
3864138205,United States,en,569,167
2716028982,,en,1121,805
17492639,California and France,en,827,501
827645780756426752,"Bad Dürkheim, Rheinland-Pfalz",de,830,150
2275834219,"Dubai, United Arab Emirates",en,2812,562
2716028982,,en,1121,805
1620010466,"Beautiful Vancouver, Canada",en,68223,63587
3352666283,"Orlando, FL",en,2652,505
2716028982,,en,1121,805
46125484,United States of America,en,1775,1543
1136684586,,en,9410,10470
3677632163,Slough-Near-Upon-Thames,en-GB,290,78
274896986,Tokyo,ja,3074,3362
491508078,Staffordshire UK,en,1667,486
238677979,"San Diego, CA",en,303,380
849653058690842624,"San Francisco, Venezuela",es,55,153
402335158,United States,en,3267,2630
2716028982,,en,1121,805
245688940,,en,2406,1959
28064611,"Tucson, AZ",en,2813,6090
3171660559,,en,135,4
3001544593,پاکستان,en-gb,12,10
900091224387932160,"Distrito Capital, Venezuela",es,179,135
98377574,"England, United Kingdom",en,1978,1266
758199902023266304,,en,232,44
464572224,,en,46,79
909873683652636677,United States,en,221,47
433558781,London,en,495,250
281965254,Boston,en,2244,104
342881881,Questioning Authority,en,918,684
2252433388,,en,1270,444
901189601263472640,"San Francisco, CA",en,0,21
1229007625,"Chico, CA",en,19311,17715
2978651261,,en,474,158
2611863050,Leeds,en,325,1251
17141761,"Phoenix,AZ",en,210,74
575485483,,ru,2,10
758973721814065152,"Villeneuve-sur-Lot, France",fr,171,4
3266423425,,en,222,125
843718836,Horbury,en,248,305
842823688273694720,,es,3,34
449314153,International,en,7293,6638
208051613,"Lahore, Pakistan.",en,248,647
155570733,"Zulia, Venezuela",es,3054,2268
461630034,Beaver UT,en,1156,1169
470232484,"Guildford, Surrey",fr,1131,640
798543895302905856,,en,336,86
3951026057,,en,4885,4631
1620010466,"Beautiful Vancouver, Canada",en,68223,63587
849649493696020484,"San Francisco, Venezuela",es,54,152
17709117,South West England,en,5000,2080
878447723380453383,"Missouri, USA",en,265,261
155570733,"Zulia, Venezuela",es,3054,2268
849661275433050112,"San Francisco, Venezuela",es,90,147
3852497896,South Africa,en,240,165
58869220,,en,26094,25683
820371349692616704,"San Francisco, Venezuela",es,96,42
365342398,"Phoenix, AZ",en,1806,790
250111072,"Zuid-Holland, Nederland",nl,396,107
786764389,Dystopia,en,3748,2426
774939947539263488,,en,2423,1158
54743209,United States,en,1744,186
201696525,Venezuela,es,454,377
721622372,United States,en,212,363
527727392,,en,540,159
366700152,Bedford/Brixton,en,1700,309
1335947582,,en,5087,5096
628979942,Western United States,en,4151,4342
739118222,,en,5673,5677
1911141223,221B Baker Street,fr,342,866
917729023282757632,"California, USA",en,430,198
48134156,,en,486,236
879488268,"Perth, Western Australia",en,2094,596
3352666283,"Orlando, FL",en,2652,505
977643673,,en,816,901
3167563768,,fr,0,4
1370181536,,fr,1835,267
261863668,somewhere in the middle,en,3285,2208
76641566,Caracas - Venezuela,es,316,341
93134894,,en,146,141
898307258794246144,,es,245,244
160399704,NYC/Chicago/Wisconsin,en,375,396
200264881,,en,772,685
821405210199412736,Somewhere Out There 👓,en,121,84
2201016251,United States,en,5001,3300
525595860,Top of the World,en,83805,80732
3426534239,,en-GB,737,6711
16514511,Virtual worlds,en,3956,4371
1052797081,,fr,891,2933
357525876,"New Orleans, La",en,6079,6585
49470899,"Pasadena, California",en,727,391
357747160,,en,253,178
316331833,,en,2474,2133
729402599712169984,,en,62,20
1620010466,"Beautiful Vancouver, Canada",en,68223,63587
1898398482,,en,575,143
878447723380453383,"Missouri, USA",en,265,261
149832466,"Earth, Sol System, Via Lactea",en,237,486
93587591,"Europe, mostly",en,577,584
811114674687250432,,en,514,724
17912290,Amsterdam,en,1136,232
17159211,London,en,2931,15376
15002660,Brexit Buggered Blighty,en,995,2087
64975185,"Taipei, Taiwan",en,550,739
600226083,,en,187,372
4826677880,"Boise, Idaho, USA",en,2734,3197
151295439,I live in paradise.,en,1108,1056
737632452,"Vale of Glamorgan, Wales",en,836,830
3041814392,"Toronto, Ontario",en,1052,713
69984210,Ireland,en,101,1505
496362263,"Lahore, Pakistan",en,1316,3223
4584282501,"Chicago, IL",en,4988,3213
161166011,Home in SE Nevada,en,165,38
58869220,,en,26094,25683
891720099480121344,Switzerland,en,10,12
76999647,Los Angeles,en,2442,1020
28725143,Australia,en,1448,898
822568250227785728,,en,3438,2258
3271771868,,en,276,161
746939863547641857,United States,en,4040,3494
182294790,"Barcelona, Spain",en,7,238
3383116294,Like Chickenman I'm everywhere,en,862,2122
964036711,,en,69,323
615134164,"Estes Park, CO",en,1668,57
877005110982828032,,ko,253,99
874313195007217664,Nigeria,en,525,322
877006003157442562,,ko,253,183
403126710,,en,683,805
20760246,,en,1562,488
19678842,"aiken, sc",en,4995,1859
165567788,California,en,1551,226
16138770,Two Minutes To Belgium,en,333,396
452726660,New Jersey,en,2304,76
4872729485,NYC,en,1956,1160
2846035024,,en,911,909
806596587971629056,,en,134,228
1545053600,,en,2341,1677
914899305198002176,Kaliefornia.,en,778,346
795885534690373632,North Carolina,en,901,3215
379814730,,en,160,44
2698944006,"Minnesota, USA",en,505,174
3404381668,,en,303,148
926360826,,en,337,53
25671830,"Dallas, TX",en,1321,225
786361147444178944,,en,102,0
420358585,"Bengaluru, India",en,727,46
804345530478448640,"Nottingham, England",en,2086,3178
894809653275656192,,da,99,52
19785093,"London, England",en,1607,5949
252510049,,en,1387,668
3303150538,,en,402,407
177343856,"Glasgow, Scotland",en,867,1054
826194857249026049,,en,97,338
536042516,"California, USA",en,871,258
132970227,NYC,en,469,594
329841122,,en,215,34
800702200473210880,,es,92,193
833741437464309764,,en,591,306
14365762,Politics4All HQ,en,4983,4325
1026477853,ANTI-TRUMP,en,647,650
811800377121239044,Kudüs Filistin,tr,536,415
74149816,Canada,en,891,661
14365762,Politics4All HQ,en,4983,4325
711325643938594816,,en,712,203
892098373527887874,"Madhya Pradesh, India",en,31,2
2202214488,London,en,542,73
14365762,Politics4All HQ,en,4983,4325
711678246270533632,LAKE TAHOE,en,125,46
3902306740,"East Midlands, England",en-GB,476,513
192308563,,en,2377,2279
154509256,London,en,307,242
874897506,"California, USA",en,591,335
826667248714551296,,en,79,4
47224036,"San Francisco, CA",en,3534,3043
916939747582504965,Nederland,nl,63,6
14365762,Politics4All HQ,en,4983,4325
726150346834337792,,en,1342,722
172662602,Sydney,en,2897,1533
3007775279,Cornwall/Oxford,en,881,2471
755866213411094532,,en,1347,2252
2224599691,NL,en,481,539
225253030,,en,57,112
1321779175,No idea. I think I'm lost,en,428,167
474876434,London,en,201,275
3167563768,,fr,0,4
33220691,New York & London,en,4977,2999
779533280320163845,"Los Angeles, CA",en,197,50
15174432,Asgard,en,1950,1681
349666640,Islamic Republic of Iran,en,196,97
1466338231,united states,en,1959,956
741444668928458752,Earth,en,2780,1097
891768958365446145,Dünya/Evren,tr,362,229
894370607927832576,,en,34,0
365175985,Londres,en,678,251
51062062,"Manchester, United Kingdom.",en,4538,5485
1896349093,,en,190,291
260099048,"Memphis,  TN",en,143,61
29105241,wait on it,en,560,1326
2275834219,"Dubai, United Arab Emirates",en,2812,562
27506252,Dubai,en,449,49
2683471818,,en,4984,3425
114685537,,en,173,477
806301347905732608,,en,1681,1174
614916825,KCMO,en,577,734
74715952,NYC,en,3285,1701
795885534690373632,North Carolina,en,901,3215
898774726474158080,,en,32,23
205649776,"Sydney, Australia",en,709,401
572965711,Western NY,en,946,1078
23075927,"Wheatland, WY",en,557,1048
829427709683986432,#25thAmendmentNow,en,1846,1712
3590614516,"Boise, Idaho",en,5000,786
20158199,Leeds,en,74,32
710007608288133120,United States,en,1353,1103
45333453,Alabama,en,1186,980
257808156,oregon usa,en,193,55
34827038,,en,150,96
893544697834086401,,ko,58,21
3404702008,"Pennsylvania, USA",en,539,329
24652003,,en,309,69
1335947582,,en,5087,5096
236020139,,en,940,1586
4887107219,,en,90,6
714845873084170240,Belfast Northern Ireland,en-gb,378,110
3041814392,"Toronto, Ontario",en,1052,713
102102479,,en,1925,976
94305172,,en,239,10595
1898398482,,en,575,143
247301931,"Dahab, South Sinai, Egypt",en,225,462
2156917703,Peshawar (KpK) Pakistan,en,119,67
778711561800065025,,en,1,79
839542094624518144,San Diego CA (6/16/15),en,506,317
711325643938594816,,en,712,203
778711561800065025,,en,1,79
130934748,The conundrum that is Iowa.,en,1432,988
863461897,,en,613,4112
15051600,"Detroit, MI",en,475,213
2652653128,,en,892,106
3119845417,,en,3709,2478
2409498410,michigander my whole life,en,4622,4142
15883527,,en,93,53
860422006646296577,Greater Vancouver,en,1299,501
726150346834337792,,en,1342,722
918782771811799041,,ar,1,0
450888799,"Tucson, AZ",en,53,72
778711561800065025,,en,1,79
2882391828,,en,10599,22290
615787633,Illinois,en,4708,4705
815786525501878272,"Maryland, USA",en,1532,640
57448205,Jakarta,id,334,228
778711561800065025,,en,1,79
729385700869611520,Small planet near weak star.,en,81,429
911732384,ULM,en,326,842
2941365709,Atlanta,en,49,16296
2690281202,Atlanta,es,18,18456
69984210,Ireland,en,101,1505
21207671,"Northern Morroco, USA.",en,1921,785
1318619480,Japan,en,1764,577
228791219,Australia,en,4494,4810
870065520825036802,"Sherwood, AR",en,118,220
210645138,Texas lady with Abba Father,en,350,486
796956123123347456,What Century Is This USA,en,126,17
23075927,"Wheatland, WY",en,557,1048
74998364,"Seattle, WA",en,11,2202
2757754571,,en,113,30
2275834219,"Dubai, United Arab Emirates",en,2812,562
1072063873,Devant mon PC,fr,142,70
780453536345849857,"Ottawa, Ontario",en,337,82
2305059230,"Allahabad, U.P.",en,465,165
786764389,Dystopia,en,3748,2426
4190307435,,en,6278,6296
1862901781,,en,0,1066
842480461825892356,Heart is in Rojava and Bashur. Spirit is in Armenia and Ethiopia.,en,110,115
914446565158346752,,id,62,9
899077070436917249,,en,93,5
264384712,Stockholm,en,1161,2988
854156495474352128,"Lara, Venezuela",es,212,168
30119049,,en,451,136
3207779679,"Llandudno, Conwy, Wales",en,885,254
2588323809,,nl,660,428
480138516,,en,163,358
90519221,LA/LONDON,en,1886,1926
709495793825292288,,en,939,547
438146224,98106,en,193,27
2450805341,uk,en,127,574
73648967,"New Delhi, India",en,1283,1219
3345018825,,en,663,103
2312444628,Loin/Far Away,fr,1061,603
348545413,,en,451,4225
2797986405,"Carlow, Ireland",en,357,191
757998745724162048,,en,562,966
2747654143,#RochesterNewYork,en,5001,1068
66042463,"Somewhere, some place",en,2135,294
107087730,"Maryland, USA",en,1004,1681
25054029,Development Hell,en,2548,4426
524776832,UK  Liverpool  Sefton Park,en,147,34
140753841,"Karachi, Pakistan",en,2545,372
419081441,"New York, USA",en,66484,76789
2807010077,USA,en,3910,3286
48663164,"London, Tunis,",en,466,1473
2474497428,,en,424,297
23746494,,en,835,746
2427168679,,en,809,6389
1239398264,,en,3879,1511
2548363814,⭐️⭐️ that bitch ⭐️⭐️,en,1159,1346
477252840,,en,175,32
739121224941342721,,en,398,220
760098215702110208,"Charleston, SC",en,1424,1208
496190214,"Southfield, Michigan",en,51,111
292391727,Wv.,en,1093,270
173648366,"Music City, USA",en,367,403
859846228347170816,,en,8,0
905597444922023937,Beaumont CA,en,20,14
116916684,"Texas, USA",en,360,105
15974600,"Yellow Springs, OH",en,3288,1474
2891994706,"Denver, CO",en,2005,1124
251490236,"Vallejo, CA",en,556,1057
717655207371481089,"Sheffield, England",en,584,280
14495675,Leaning against a wall,en,3572,1114
49470899,"Pasadena, California",en,727,391
2683471818,,en,4984,3425
363172776,,en,564,2225
826194857249026049,,en,97,338
836742870941868033,World Wide News'vangalists,en,602,297
797154187905761280,,en,123,102
17913670,"Bend, OR",en,638,2628
204473477,The Perihelion,en,642,220
841688429154906113,,en,161,36
243430489,301 STONEDWOOD,en,1197,462
115663436,The Great State of New York,en,6155,10552
916042678470557696,"Satnali, India",en,165,19
438146224,98106,en,193,27
711245050441637888,,en,50,20
337406543,Los Angeles,en,1121,655
977660786,,en,4557,4735
788172567228088320,"Hogar y Redención, CDMX",es,370,147
926185416,,en,3805,6048
20905495,,en,1732,602
2732863449,,en-gb,42,64
824943784781832192,"Dublin, Ireland",en,592,298
715474256889384960,New York City SI,en,9150,8863
76288053,"Gaillac, France",fr,4968,1469
20661344,"Scottsdale, Arizona",en,2171,1484
906037761689346048,"Mumbai, India",en,1091,59
1726098164,Falkirk,en,4713,1868
261307929,,en,1552,1460
2300158004,,en,77,171
821626750769754113,,en,875,894
34827038,,en,150,96
733618182817112064,"Gujarat, India",en,3460,2224
14164972,"Abilene, TX",en,3852,2075
866768502,,en,1512,408
90519221,LA/LONDON,en,1886,1926
778711561800065025,,en,1,79
2925401263,,en,409,92
757548268519772161,,en,2067,1179
2863487811,,en,942,686
196985412,California,en,1044,424
2767591421,Worldwide,en,233,272
895893776727773185,,en-gb,98,16
886203230258114561,Northeastern United States,en,3376,2029
422738750,lagos,en,411,858
1620010466,"Beautiful Vancouver, Canada",en,68222,63587
909083887321731072,,en,31,9
2161036068,london,en-gb,1002,420
391424411,germany,de,252,665
823956989852012544,"California, USA",en,470,141
336346706,,en,1911,1349
2359180352,,en,108,148
4826677880,"Boise, Idaho, USA",en,2734,3197
1147554114,St Gilles Croix de Vie,fr,3064,3255
492507438,,en,1316,1417
723541641345273857,"Newcastle Upon Tyne, England",en,87,180
76767466,"Alabama, USA",en,19,5
120915270,,en,160,18
57991835,,en,124,107
823302473838448640,"Lisboa, Portugal",pt,291,23
20905495,,en,1732,602
29106490,everywhere,en,4069,903
40998660,Veracruz Mexico,en,3540,1250
743323123869614080,"Washington, USA",en,1320,752
253628603,221B Baker St,en,347,1035
199218350,"Mumbai, India",en,145,795
748465336408772608,Houston,en-gb,574,682
877027304249098240,,en,5001,526
825468806118178816,Trumplandia,en,218,86
501074158,,en,2211,1275
913888364746571776,헤더는 까꿍까꿍님이 배포해 주셨습니다!!,ko,65,2
4054643129,,en,440,901
1620010466,"Beautiful Vancouver, Canada",en,68222,63587
2514475647,,en,6994,6375
2492659458,"Boston, MA",en,572,97
2877781091,,en,29,39
3167563768,,fr,0,4
770318310,"Kailua, HI",en,672,127
36519979,Phoenix Az,en,3224,1601
1278896407,,en,496,224
733028342975344640,"Samsun, Türkiye",tr,259,315
464303706,"Calabasas, CA",en,2283,64
149167987,,en,166,214
59029942,United States,en,1208,889
2959403265,,en-gb,416,264
408230394,,es,275,331
2829615975,,en,433,275
714789546831908864,"Texas, USA",en,381,65
734892227411873792,"Missouri, USA",en,5962,10153
33810390,,en,1235,601
32970306,,en,346,237
889862874616578049,"Charlotte, NC",en,214,36
2202152632,"Liverpool, England",en-gb,1223,610
2473825934,"Henderson, NV",en,802,435
3672676237,North Avenue New Delhi India,en,1250,206
1420702998,Atlantis,en,461,571
734892227411873792,"Missouri, USA",en,5962,10153
75596818,Henderson KY,en,572,68
826194857249026049,,en,97,338
474994622,MS,en,3615,3412
750868791752593408,,en,9612,12511
734892227411873792,"Missouri, USA",en,5962,10153
1166023872,America,en,494,851
2300158004,,en,77,171
21713409,Bristol/London/Ireland,en,626,141
2925401263,,en,409,92
2780806328,lbc,en,103,17
812885363874234368,,en,338,86
817979601653735424,,en,831,297
1239398264,,en,3879,1511
117652275,,en,852,555
630319799,"Moline, IL",en,3514,3533
838087780261642242,,en,370,37
2514298219,,en,64,6
207741450,Eagle River Alaska,en,38044,38169
35065199,Our own little GREY GARDENS,en,1825,1194
833439300322734080,,en,1895,1572
19938133,UK,en,2701,2708
16700221,"Chicago, IL",en,622,126
762174736566583296,"Kentucky, USA",en,2908,4566
1433548123,Heartland & Southland,en,614,258
3498448812,#YoungDemocratsForTrump,en,3463,130427
271459406,Singapore,en,627,124
765147594339254272,,en,42,2
877017665847603200,"Kirkland, WA",en,4529,733
3167563768,,fr,0,4
567813201,"Palm Desert, CA",en,311,304
439267102,,en,64,343
4063882515,,en,1970,2990
581322995,,en,300,340
416526021,Manhattan,en,34,9
744412608413995008,,en,179,283
888384683272261633,"Detroit, MI",en,1831,546
754877230120132608,,en,113,13
1448517475,REİS'İN YANI,tr,1633,1057
322728724,"Clinton Township, Mi",en,505,407
14620883,,en,2280,1265
14897310,Melbourne Australia,en,346,83
119110361,east blue,fr,75,216
126115852,,fr,638,1483
2858773094,"Brookings, SD",en,214,3167
719375446748504072,On the couch!,en,4956,4749
759300383810301953,India,en,2065,759
828183702354042880,United States,en,1979,1311
17825554,United States of America,en,155,238
722701984160182272,,en,277,72
20905495,,en,1732,602
131419809,"Lagos, Nigeria.",en,69,81
576544629,bby girl's veins,en,879,249
877009697538064384,,ko,61,21
856814839603372037,,ru,6,1336
3805068732,,en,1558,448
1572139472,,en,541,173
76713592,,en,3701,3190
2148456509,,en,468,598
882481619021348865,,en,327,190
877011751576797184,,ko,56,30
850326597806587906,,en,2895,2924
79770936,Toronto,en,1033,1872
438016587,"Charlotte, North Carolina",en,2252,85
3646140073,"Phoenix, AZ",en,1304,1027
280243372,Boston,en,1636,1726
2473825934,"Henderson, NV",en,802,435
117490903,United States,en,12,1
14262317,"Torrance, CA",en,98,18
2277542109,Great Britain,en,356,308
3383116294,Like Chickenman I'm everywhere,en,862,2122
401090263,"Anchorage, AK",en,10783,12038
1657715816,Either in bed or at the fridge,en,601,25
2182270281,Levallois-Perret // Paris,fr,193,305
268682395,SF,en,209,45
847113369182261249,,en,128,6
3401756152,,en,3341,1275
2999052404,,en,423,98
825468806118178816,Trumplandia,en,218,86
3723984135,Palmer Ak,en,189,162
824723306,contact:ashyprophet@gmail.com,en,340,2762
59029942,United States,en,1208,889
336346706,,en,1911,1349
826194857249026049,,en,97,338
830110145162178563,,en,291,1043
3404702008,"Pennsylvania, USA",en,539,329
96067046,Greater Charlotte Area,en,877,174
26168536,USA,en,2532,1366
763535755545284608,USA,en,1444,1448
326092855,Houston area,en,1764,1679
67297220,America,en,2035,2790
738273474322403329,"Melbourne, Victoria",en,722,148
1621868402,#TCOT #PJNET #Patriot #2A #SOT,en,28611,30411
2795845032,"Glasgow, UK",en-gb,220,135
2970518715,"Lagos, Nigeria",en,390,222
836472721840164866,"Albuquerque, NM",en,329,243
700781136591585280,,en,3465,3638
905232611978731520,United States,en,444,415
2903132871,Reality,en-gb,366,531
136362719,,en,433,233
53269253,,en,564,87
617163751,"Atlanta,Georgia",en,4916,89
251294222,United States,en,325,608
452718188,Seattle,en,2250,57
62236036,Everywhere,en,2567,2681
2172864360,Blue Mountains,en,1007,1178
1113774037,,de,93,42
2970518715,"Lagos, Nigeria",en,390,222
843982667423141888,"Wisconsin, USA",en,999,929
2773673031,"Hopkinton, NH.",en,1419,1032
129614289,yellowstone national park,en,1402,907
826194857249026049,,en,97,338
130668639,"Melbourne, Australia",en,2632,2392
206003431,,en,290,317
4056983819,America First,en,24944,24495
2970518715,"Lagos, Nigeria",en,390,222
22827011,greatest city in the universe,en,627,1402
560817896,"Tennessee, USA",en,9968,10144
847113369182261249,,en,128,6
3383116294,Like Chickenman I'm everywhere,en,862,2122
914398518953086976,"California, USA",ru,54,3
555333217,New York City,en,1912,7233
2215736377,,en,695,247
4184711712,"Riverside, CA",en,37,10
125744394,,en,5910,8010
476362224,Missouri,en,2157,66
630319799,"Moline, IL",en,3514,3533
2970518715,"Lagos, Nigeria",en,390,222
871172279274569729,America,en,474,88
715474256889384960,New York City SI,en,9150,8863
26792503,Florida,en,630,767
818819900281999360,山口とか言う所でカービィと暮らしてます,ja,1120,1183
251294222,United States,en,325,608
874378350382522369,Pátria do Evangelho,pt,34,185
188525211,,en,2026,1469
1560399391,,en,150,114
329318863,DC,en,790,477
14164972,"Abilene, TX",en,3852,2075
2448311839,Right Beside You,en,1862,41
869111488388022272,🔯🇮🇱Israel🇮🇱🕎,en,967,1705
3929552902,Türkiye,tr,440,825
2712877389,,en,2758,2069
340545072,present,en,592,393
36519979,Phoenix Az,en,3224,1601
340545072,present,en,592,393
340545072,present,en,592,393
743198636801146881,"Las Vegas, NV",en,822,519
890953101770973184,wherever the story takes me.,en,134,37
738594621010251782,"Lima, Peru",es,265,152
755244126279315462,,en,110,28
829724108,"Gard, Languedoc-Roussillon",fr,112,112
869846086940217344,"Alameda, CA",en,70,14
3543356362,United Kingdom,en,211,229
10695762,Northern Hemisphere! PNW!,en,2102,2353
857800469023907840,"Anaheim, CA",en,81,75
715032913365057536,,en,1989,1670
719375446748504072,On the couch!,en,4956,4749
441214858,Eppur si muove-Keith Law,en,1098,2126
2313341894,,en,1341,1784
757250499787751424,"Philadelphia, PA",en,4739,4989
401090263,"Anchorage, AK",en,10783,12038
522971547,,en,49,15
830110145162178563,,en,291,1043
905232611978731520,United States,en,444,415
3069315311,,fr,20,1
1286905933,,en,3378,2445
860422006646296577,Greater Vancouver,en,1299,501
728364449862668289,,en,627,213
4584282501,"Chicago, IL",en,4988,3213
4830107132,,en,677,264
2866118052,,en,120,68
919836145608949760,,en,73,5
723251650174017536,UK,en,17934,24218
4621879343,,en,3817,820
14164972,"Abilene, TX",en,3852,2075
886717634,"Gaborone, Botswana",en,536,5079
700390666107543556,,en,437,71
833891778579214339,PNW,en,211,84
731046627432124416,"Berlin, Deutschland",de,429,139
76713592,,en,3701,3190
546069080,NYC,en,1281,1284
3585988938,"Nevada City, CA",en,1183,534
772891119424331776,,en,9501,12070
741102510,,en,59,79
47366042,Around the world!,en,227,49
17989329,"Land of a 1,000 Dances",en,2476,1651
977660786,,en,4557,4735
228791219,Australia,en,4494,4810
826194857249026049,,en,97,338
2305059230,"Allahabad, U.P.",en,465,165
108061119,"Miami, Fl",en,552,636
747199706070122500,,en,142,174
836932197705723907,"Tustin, CA",en,63,234
29999737,Bristol,en,1780,1705
451883357,Montana,en,2285,71
616216236,Virginia,en,1225,24
473236960,"Renton, WA",en,1965,342
21712616,"Ohio, USA",en,160,62
275261894,,en,201,53
1639109928,"Sunflower, Alabama",en,583,255
847113369182261249,,en,128,6
49470899,"Pasadena, California",en,727,391
3401756152,,en,3341,1275
2836481040,"Apache Junction, AZ",en,937,784
3383116294,Like Chickenman I'm everywhere,en,862,2122
842522846236573696,"Palo Alto, CA",en,5209,4982
3635585898,,en,883,696
112970814,everywere...,fr,674,201
184014559,"Noord-Holland, Amsterdam",nl,1308,1694
2872455953,England,en-gb,1705,763
910456285757366272,"London, England",en-gb,116,10
805470750757056516,"Dubai, United Arab Emirates",en,37,16
862518890374598656,,en,35,6
780453536345849857,"Ottawa, Ontario",en,337,82
10325642,NY,en,521,785
1095874712,,en,851,225
877338203056775169,"Darwin, Northern Territory",en,817,48
230726194,Michigan,en,295,72
2544088874,"London, England",en,3170,1016
907301273266999299,,en,741,195
237110655,Brisbane,en,3128,1619
3327424237,"Washington, USA",en,4893,3474
16475861,,en,216,69
398095103,"Sheffield, UK",en,251,499
47446743,"New York, USA",en,1289,705
368808963,Kyiv,en,156,64
48079500,earth,en,388,245
2827239973,"Texas, USA",en,3584,1235
733513649826889733,"Washington, DC",en,237,132
232906886,Netherlands,en,72,641
326092855,Houston area,en,1764,1679
3290508198,,en,453,548
1449290017,,en,479,4335
726150346834337792,,en,1342,722
1270439359,,en,148,194
3387727233,"London, England",en,751,809
292679653,"Tustin, CA",en,1991,1237
76713592,,en,3701,3190
136362719,,en,433,233
26238476,Straddling Hadrian's Wall,en,2876,7542
227977955,Monchique/Algarve,de,311,187
854792794984120321,,en,1439,1488
3447903267,,fr,110,155
703315492673626112,"Ile-de-France, France",fr,97,303
454127373,"Charleston, South Carolina",en,624,985
1252124690,,en,507,182
4826677880,"Boise, Idaho, USA",en,2734,3197
2177167210,Canada,en,773,962
916955953341370368,,tr,46,53
894761118484250625,,en,40,1
751551474367291393,"Oregon, USA",en,597,415
869584339138469889,"Washington, DC",en,47,1054
852858590427836416,"Accra, Ghana",en,102,40
142109657,New Zealand,en,861,770
740186171582582784,,en,327,610
796848766334697472,"Myrtle Beach, SC",en,642,634
34827038,,en,150,96
367895161,,es,528,459
54930331,"Belgium, Scotland, USA",en,767,189
771585859996921857,The White House,en,807,2300
2866118052,,en,120,68
3229496760,"Salem, OR",en,5001,3931
3017703114,,en,1941,1883
816343153,"Tuscaloosa, AL",en,228,289
719375446748504072,On the couch!,en,4956,4749
2545369221,3M🖇,fr,690,364
2479234403,,en,1057,46
125596364,Cornwall UK,en,258,297
2491710408,Canada,en,289,127
365342398,"Phoenix, AZ",en,1806,790
1204575726,United States,en,39,18
161664878,"Hove, East Sussex",en,177,235
600226083,,en,187,372
128844065,Candyland,en,1294,337
169126226,Calgary Alberta Canada,en,688,582
630319799,"Moline, IL",en,3514,3533
1421284267,"California, USA",en,504,348
723368573775699969,Papua New Guinea,en,442,226
709454961667661824,,en,85,31
827550864793620480,Sweden,en,300,138
4621879343,,en,3817,820
252428768,"Fortified Bunker, Iowa",en,3955,3759
716171074904260608,"Warragul South, Victoria",en,163,135
1286905933,,en,3378,2445
329318863,DC,en,790,477
257808156,oregon usa,en,193,55
824833660855660544,,en,382,131
526298403,"Adelaide, Australia",en,466,1036
4832460434,"Washington, USA",en,401,384
705228193318318081,,en,1597,1004
4184711712,"Riverside, CA",en,37,10
3271771868,,en,276,161
2684256864,UNIVERSE,en,453,1302
2959029462,,en,2207,543
823304170606395396,"Citrus Park, FL",en,249,108
785300464820781056,"Rhode Island, USA",en,267,191
614520814,,en,54,93
905232611978731520,United States,en,444,415
2978275647,,en,2317,1416
2894786789,"Liverpool, England",en-gb,51,26
915512872226230277,"Geneseo, IL",en,41,8
564861472,Here,en,2237,9738
874033429,World,it,286,11902
247301931,"Dahab, South Sinai, Egypt",en,225,462
715474256889384960,New York City SI,en,9150,8863
143663678,,en,4975,4013
1449290017,,en,479,4335
841688429154906113,,en,161,36
2745959713,Suomi,fi,279,55
838220095923109888,the wilderness,en,187,12
718483844261806080,,en,100,40
882481619021348865,,en,327,190
23086574,"Florida, USA",en,2965,3914
329318863,DC,en,790,477
3279003277,"Texas, USA",en,1955,2035
72305761,inverness,en,403,831
53995533,"South Carolina, USA",en,946,259
2834328023,"Behind enemy lines, Mayo lines",en,22,9
17228856,Rural,en,2893,942
278621639,London,en-gb,1576,769
115432090,Memphis | Tempe,en,1531,1099
193071149,Norfolk,en,1125,1661
2747654143,#RochesterNewYork,en,5001,1068
31056307,"Planet Earth, Milky Way",en,683,923
184184701,(Almost independent) Scotland.,en,393,240
761448286406385664,,en,503,140
377796715,Austin TX USA,en,5737,5243
364312931,"Glasgow, Scotland",en,4993,1438
1898398482,,en,575,143
2766163443,"Dinnington, England",en,346,289
16514511,Virtual worlds,en,3956,4371
818224631224107008,Wet coast,en,677,387
3036365567,,nl,184,140
794399284225392640,,en,363,340
786593428595412996,France,en,48,7
803885588,"Spokane, WA",en,695,73
786593428595412996,France,en,48,7
785855476068212738,,en,2546,1676
887522400975368196,United States,en,402,54
1453432927,"La vagina de tu novia, Ecuador",es,265,1034
2512085575,Interfina House  (Mezz Floor ),en-gb,462,95
388260692,london,en,237,229
271402384,Gods own Country Yorkshire.,en,590,318
96793211,,en,113,146
1360953301,News That Really Matters!,en,103,1594
36413526,Shanghai,en,3527,7826
850326597806587906,,en,2895,2924
702244455529709569,,en,329,80
169054291,Panama,en,151,278
1326569641,New Delhi - Kolkata,en,1523,1176
776190697862995968,,tr,0,8
23122074,Taunton,en,1502,1060
335339326,"Los Angeles, CA",en,1561,970
2472666014,las palmas,es,890,165
167014241,milano,it,966,889
2450805341,uk,en,127,574
2954843015,"Newport News, Va",en,737,542
968700594,,fr,3208,3802
421994428,,en,618,15
2450460074,,en,239,825
116157545,Brighton UK,en,967,835
138817043,"Alabama, USA",en,1977,1051
745952618493665280,London / Texas,en-gb,86,188
2765658385,"Puebla, México",es,955,1754
983757950,FUCK CR,en,4666,4645
784725688091746304,,en,5001,1202
55155032,,en,568,444
28096651,"San Salvador, El Salvador",es,500,7341
852392273157476352,,en,156,112
780685446913269760,Italy,en,107,58
17609723,,en,1188,947
19678842,"aiken, sc",en,4995,1859
829724108,"Gard, Languedoc-Roussillon",fr,112,112
3236218886,USA,en,5475,4992
425967054,United Kingdom,en,338,121
882481619021348865,,en,327,190
847899028826144768,,en,1110,727
40173650,RT's Are FYI Purposes Only,en,18847,26339
20854891,The Cube of Doom,en,297,471
36519979,Phoenix Az,en,3224,1601
887469369860730880,cd /,en,6,28
3955586356,,en,147,128
2577499730,Canada,en,523,209
4319456714,,en,46,1305
2972768459,Centre parfois:gauche/droite😜,fr,689,641
280082481,"Newfoundland and Labrador, Can",en,7311,6662
832051767928090624,,en,178,20
3902306740,"East Midlands, England",en-GB,476,513
40173650,RT's Are FYI Purposes Only,en,18847,26339
401638876,,en,4460,2057
32972397,"Olympia, WA",en,1162,600
37811942,,en,134,107
787760293636104192,"Los Angeles, CA",en,13,6
2941365709,Atlanta,en,49,16296
33810390,,en,1235,601
785855476068212738,,en,2546,1676
40173650,RT's Are FYI Purposes Only,en,18847,26339
1258767608,,da,2275,2053
2690281202,Atlanta,es,18,18456
421994428,,en,618,15
870639979218829312,"Bethesda, MD",en,2240,3018
34755143,The Space City,en,1417,230
251294222,United States,en,325,608
3311513978,"Mumbai, India",en,3436,2633
17588185,"California, USA",en,19249,19554
51117589,"Bengaluru, Karnataka",en,768,446
818146228210900993,"Accra, Ghana",en,277,300
34827038,,en,150,96
269175938,Washington D.C,en,90,17
3258594861,Pa,en,972,440
358109775,Desh badal raha hai,en,326,3988
779411189101129729,who knows,en,1096,394
3408519333,"Scotland, United Kingdom",en-gb,3807,6693
723368573775699969,Papua New Guinea,en,442,226
301212396,Arizona,en,1468,2781
2160518682,"London, England",en,256,182
818570656518438918,United States,en,279,27
892206339002216448,"Oakland, CA",en,475,390
314676814,East Coast 🎃👻🍁🎃👻🍂,en,4970,4121
600588172,🍮,en,2946,4970
829406341831786502,,en,10,21
734566742052200449,"Anaheim, CA",en,97,991
799073330032611328,,en,132,47
1427199624,"Dallas, TX",en,422,180
824430755862437890,USA,en,728,573
736291017444429824,,en,192,119
770973506695630849,,en,548,61
16111689,"Leuven, Brabant, Belgium",nl,1156,603
3340102054,"London, England",en,16707,15982
522459690,Lil Beirut / Southern Cascadia,en,682,225
2741373457,Through the Rain,en,944,857
1928626314,"Washington, USA",en,1242,238
917331339950428160,Malaysia,en,15,2
829724108,"Gard, Languedoc-Roussillon",fr,112,112
385070979,Tamworth,en,295,319
210645138,Texas lady with Abba Father,en,350,486
4860394491,"Inside My Head, Always",en,579,484
1052264472,"TRUMP WORLD TOWERS,NYC,USA🇺🇸",en,1361,930
795885534690373632,North Carolina,en,901,3215
875853515821862912,TEXAS,en,850,686
1573191368,,en,20,24
863087067542286336,United States,en,1587,1294
3376927462,,en,3828,14509
3260996819,,en,309,317
397916391,Amiens,fr,57,57
755866213411094532,,en,1347,2252
461630034,Beaver UT,en,1156,1169
788829878191882240,"Liverpool, England",en-gb,255,23
47224036,"San Francisco, CA",en,3535,3043
736992461868830720,,en,4,3
247301931,"Dahab, South Sinai, Egypt",en,225,462
964596644,,en,679,273
3401756152,,en,3341,1275
23293124,"California, Colorado, Calabria",en,1457,767
15139384,"iPhone: 34.219685,-118.842003",en,75,38
29612368,Cloud 9,en,1283,364
429957647,Karachi,en,129,71
2417257886,Hong Kong,en,1782,2036
600226083,,en,187,372
776093566514843648,,en,2803,6458
1109468498,,en,247,753
847899028826144768,,en,1110,727
890618924907102211,"Bogotá, D.C., Colombia",hr,21,11
618445240,DarkRoom of Ms. Jones,en,3260,54
763685095844765696,"London, England",en-gb,204,150
719375446748504072,On the couch!,en,4956,4749
859511518475370497,"Vancouver, British Columbia",en,581,350
227977955,Monchique/Algarve,de,311,187
83617835,SoCal,en,5935,5994
127537805,Buffalo NY,en,4984,2709
106937647,PhD.,en,310,234
347601335,Applebees,en,552,768
63423805,,en,903,969
825521212256194561,"California, USA",en,950,586
407281235,Vienna,en,929,90
797154187905761280,,en,123,102
1286905933,,en,3378,2445
2999625735,Hilversum,nl,1,651
198350602,"Auckland, New Zealand",en,1165,2620
2715563643,"Atlanta, GA",en,1279,712
823866286753148928,,en,1190,1037
929628361,,en,59,64
815786525501878272,"Maryland, USA",en,1532,640
3236218886,USA,en,5475,4992
730234355738517504,,en,42,24
125646835,I am in my happy place,en,1084,516
326092855,Houston area,en,1764,1679
401638876,,en,4460,2057
1218866012,Tampa Florida,en,6780,9389
823568671796641792,,en-gb,94,59
3165342239,,en,7896,8069
328440716,,en,22651,113256
1511976456,,en,160,25
231953370,where i'm is.,en,3213,9302
773113010,ig: coexara,es,835,1792
1560399391,,en,150,114
15901107,,en,1160,889
2914166270,HAWAII,en,1016,951
876935052139036672,"North Carolina, USA",en,4194,1838
54930331,"Belgium, Scotland, USA",en,767,189
797154187905761280,,en,123,102
16514511,Virtual worlds,en,3956,4371
4304666474,United States,en,1583,316
401090263,"Anchorage, AK",en,10783,12038
556583101,,tr,365,578
3020317105,,en,242,190
2728570125,,en,273,195
850762303599456256,"Edinburgh, Scotland",en,3096,1371
813305048,"Oakland, CA",en,4989,2919
2908126103,"Connecticut, USA",en,220,821
2725846373,,en,1362,2110
20044326,London,en,94,307
3015858218,,en,740,431
2771437449,"Arizona, USA",en,433,163
2231154998,USA © ALL RIGHTS RESERVED,en,556,654
913619981623074816,"Washington, DC",en,10,12
803885588,"Spokane, WA",en,695,73
2411378105,"yo buttcrack, texas",en,4995,1901
426185057,"alexandria,virgina",en,2303,76
2381909720,,en,90,1044
497495543,"Phoenix, AZ",en,791,652
720090731973619713,"Pittsburgh, PA - USA",en,226,331
2796332422,,fr,896,614
713874198439923712,"Florida, USA",en,336,77
891027435038408704,Wirral,en,214,81
27806411,,en,500,1587
707980276228595712,Worldwide,en,2203,954
1867967047,,en,2066,367
2307296066,,en,6910,6560
615546626,"Sterling, VA",en,4096,58
847899028826144768,,en,1110,727
758516694180438017,,en,172,151
849089951870439429,"Pennsylvania, USA",en,638,456
59746019,,it,2038,1864
412627022,Closer than you think,en,688,8543
1908729996,"Edmonton, Alberta, CANADA!",en,532,212
3404856688,,en,112,142
88219831,Australia,en,777,239
801388682561339392,"Brussels, Belgium",en-gb,674,235
47224036,"San Francisco, CA",en,3535,3043
804529508527251457,United States,en,592,578
583663235,In The Whirlwind,en,3032,2420
335096977,New York,en,3530,795
3038748640,,en,518,91
977660786,,en,4557,4735
17545469,"San Diego, CA",en,10718,11032
2790442199,Britain,en-gb,1481,1347
204010235,France,fr,25853,37319
765387777508724736,at YOUR heart ❤,en,40,13
14792167,"OC (near Coast), CA, USA",en,3071,1870
16600434,Galway,en,122,86
1109468498,,en,247,753
17141761,"Phoenix,AZ",en,210,74
314676814,East Coast 🎃👻🍁🎃👻🍂,en,4970,4121
893253325247967233,,en-gb,1,514
326092855,Houston area,en,1764,1679
3227118874,Yorkshire and The Humber,en,188,309
291160914,United States of America,en,1249,880
357267251,,en,330,1584
1229641040,NIGERIA,en,59,776
3188053392,,en,322,378
3082100407,Schland,de,1020,1324
914465392424136705,"Huskiesville, Washington State",en,1157,434
