time_zone,avg(user.followers_count AS `followers_count`)
Volgograd,46069.0
Hawaii,1811.5
Casablanca,3740.5
Cairo,605.25
Wellington,770.0
Lima,152.0
Central Time (US & Canada),2841.633333333333
Edinburgh,214.0
Singapore,317.0
Tallinn,4335.0
Jakarta,765.0
Adelaide,1036.0
America/Chicago,6585.0
Beijing,7826.0
Bern,840.0
Lisbon,187.0
America/Detroit,337.0
America/Los_Angeles,302.75
Auckland,2133.0
Baghdad,8543.0
Belgrade,76789.0
Caracas,24486.0
Chennai,46.0
Dublin,388.06666666666666
Quito,1074.142857142857
Berlin,34.0
Midway Island,2999.0
,1905.150826446281
America/New_York,1112.5
Atlantic Time (Canada),2499.1666666666665
Mountain Time (US & Canada),1202.6
Karachi,509.5
London,63189.0
Mumbai,59.0
Brisbane,2157.0
Tokyo,5796.333333333333
Sydney,440.75
Jerusalem,53.0
Perth,596.0
Mexico City,1502.0
Central America,7341.0
Paris,2444.125
UTC,623.0
Athens,1580.2857142857142
Istanbul,817.5
Alaska,25985.5
America/Denver,4013.0
Warsaw,174.0
Indiana (East),954.0
Hong Kong,786.0
Pacific/Honolulu,127.0
Amsterdam,1438.857142857143
Brussels,748.125
Buenos Aires,484.0
Taipei,739.0
Muscat,249.0
Helsinki,769.0
Eastern Time (US & Canada),238833.71212121213
Pacific Time (US & Canada),3587.3379310344826
Arizona,1490.3846153846155
Bogota,278.0
Abu Dhabi,49.0
Brasilia,942.0
Europe/London,899.5
Melbourne,862.3333333333334
Rome,1864.0
Islamabad,10.0
West Central Africa,222.0
La Paz,341.0
GMT,1416.0
New Delhi,1551.7777777777778
Greenland,20153.5
Tehran,10595.0
Pacific/Auckland,4749.0
Santiago,2832675.0
Asia/Tehran,97.0
Tijuana,1988.0
