id,location,lang
747811890991087617,Afrique,fr
747811890991087617,Afrique,fr
24621370,Prisoner of thought,en
1332398161,,en
14424667,L.A. all day,en
3864138205,United States,en
2716028982,,en
17492639,California and France,en
827645780756426752,"Bad Dürkheim, Rheinland-Pfalz",de
2275834219,"Dubai, United Arab Emirates",en
2716028982,,en
1620010466,"Beautiful Vancouver, Canada",en
3352666283,"Orlando, FL",en
2716028982,,en
46125484,United States of America,en
1136684586,,en
3677632163,Slough-Near-Upon-Thames,en-GB
274896986,Tokyo,ja
491508078,Staffordshire UK,en
238677979,"San Diego, CA",en
849653058690842624,"San Francisco, Venezuela",es
402335158,United States,en
2716028982,,en
245688940,,en
28064611,"Tucson, AZ",en
3171660559,,en
3001544593,پاکستان,en-gb
900091224387932160,"Distrito Capital, Venezuela",es
98377574,"England, United Kingdom",en
758199902023266304,,en
464572224,,en
909873683652636677,United States,en
433558781,London,en
281965254,Boston,en
342881881,Questioning Authority,en
2252433388,,en
1229007625,"Chico, CA",en
2978651261,,en
2611863050,Leeds,en
17141761,"Phoenix,AZ",en
758973721814065152,"Villeneuve-sur-Lot, France",fr
3266423425,,en
843718836,Horbury,en
449314153,International,en
208051613,"Lahore, Pakistan.",en
155570733,"Zulia, Venezuela",es
461630034,Beaver UT,en
470232484,"Guildford, Surrey",fr
798543895302905856,,en
3951026057,,en
1620010466,"Beautiful Vancouver, Canada",en
849649493696020484,"San Francisco, Venezuela",es
17709117,South West England,en
878447723380453383,"Missouri, USA",en
155570733,"Zulia, Venezuela",es
849661275433050112,"San Francisco, Venezuela",es
3852497896,South Africa,en
58869220,,en
820371349692616704,"San Francisco, Venezuela",es
365342398,"Phoenix, AZ",en
250111072,"Zuid-Holland, Nederland",nl
786764389,Dystopia,en
774939947539263488,,en
54743209,United States,en
201696525,Venezuela,es
721622372,United States,en
527727392,,en
366700152,Bedford/Brixton,en
1335947582,,en
628979942,Western United States,en
739118222,,en
1911141223,221B Baker Street,fr
917729023282757632,"California, USA",en
48134156,,en
879488268,"Perth, Western Australia",en
3352666283,"Orlando, FL",en
977643673,,en
1370181536,,fr
261863668,somewhere in the middle,en
76641566,Caracas - Venezuela,es
93134894,,en
898307258794246144,,es
160399704,NYC/Chicago/Wisconsin,en
200264881,,en
821405210199412736,Somewhere Out There 👓,en
2201016251,United States,en
525595860,Top of the World,en
3426534239,,en-GB
16514511,Virtual worlds,en
1052797081,,fr
357525876,"New Orleans, La",en
49470899,"Pasadena, California",en
357747160,,en
316331833,,en
729402599712169984,,en
1620010466,"Beautiful Vancouver, Canada",en
1898398482,,en
878447723380453383,"Missouri, USA",en
149832466,"Earth, Sol System, Via Lactea",en
93587591,"Europe, mostly",en
811114674687250432,,en
17912290,Amsterdam,en
17159211,London,en
15002660,Brexit Buggered Blighty,en
64975185,"Taipei, Taiwan",en
600226083,,en
4826677880,"Boise, Idaho, USA",en
151295439,I live in paradise.,en
737632452,"Vale of Glamorgan, Wales",en
3041814392,"Toronto, Ontario",en
69984210,Ireland,en
496362263,"Lahore, Pakistan",en
4584282501,"Chicago, IL",en
161166011,Home in SE Nevada,en
58869220,,en
76999647,Los Angeles,en
28725143,Australia,en
822568250227785728,,en
3271771868,,en
746939863547641857,United States,en
3383116294,Like Chickenman I'm everywhere,en
964036711,,en
615134164,"Estes Park, CO",en
877005110982828032,,ko
874313195007217664,Nigeria,en
877006003157442562,,ko
403126710,,en
20760246,,en
19678842,"aiken, sc",en
165567788,California,en
16138770,Two Minutes To Belgium,en
452726660,New Jersey,en
4872729485,NYC,en
2846035024,,en
806596587971629056,,en
1545053600,,en
914899305198002176,Kaliefornia.,en
795885534690373632,North Carolina,en
379814730,,en
2698944006,"Minnesota, USA",en
3404381668,,en
926360826,,en
25671830,"Dallas, TX",en
786361147444178944,,en
420358585,"Bengaluru, India",en
804345530478448640,"Nottingham, England",en
894809653275656192,,da
19785093,"London, England",en
252510049,,en
3303150538,,en
177343856,"Glasgow, Scotland",en
826194857249026049,,en
536042516,"California, USA",en
132970227,NYC,en
329841122,,en
800702200473210880,,es
833741437464309764,,en
14365762,Politics4All HQ,en
1026477853,ANTI-TRUMP,en
811800377121239044,Kudüs Filistin,tr
74149816,Canada,en
14365762,Politics4All HQ,en
711325643938594816,,en
892098373527887874,"Madhya Pradesh, India",en
2202214488,London,en
14365762,Politics4All HQ,en
711678246270533632,LAKE TAHOE,en
3902306740,"East Midlands, England",en-GB
192308563,,en
154509256,London,en
874897506,"California, USA",en
826667248714551296,,en
47224036,"San Francisco, CA",en
916939747582504965,Nederland,nl
14365762,Politics4All HQ,en
726150346834337792,,en
172662602,Sydney,en
3007775279,Cornwall/Oxford,en
755866213411094532,,en
2224599691,NL,en
225253030,,en
1321779175,No idea. I think I'm lost,en
474876434,London,en
33220691,New York & London,en
779533280320163845,"Los Angeles, CA",en
15174432,Asgard,en
349666640,Islamic Republic of Iran,en
1466338231,united states,en
741444668928458752,Earth,en
891768958365446145,Dünya/Evren,tr
894370607927832576,,en
365175985,Londres,en
51062062,"Manchester, United Kingdom.",en
1896349093,,en
260099048,"Memphis,  TN",en
29105241,wait on it,en
2275834219,"Dubai, United Arab Emirates",en
27506252,Dubai,en
2683471818,,en
114685537,,en
806301347905732608,,en
614916825,KCMO,en
74715952,NYC,en
795885534690373632,North Carolina,en
898774726474158080,,en
205649776,"Sydney, Australia",en
572965711,Western NY,en
23075927,"Wheatland, WY",en
829427709683986432,#25thAmendmentNow,en
3590614516,"Boise, Idaho",en
20158199,Leeds,en
710007608288133120,United States,en
45333453,Alabama,en
257808156,oregon usa,en
34827038,,en
893544697834086401,,ko
3404702008,"Pennsylvania, USA",en
24652003,,en
1335947582,,en
236020139,,en
4887107219,,en
714845873084170240,Belfast Northern Ireland,en-gb
3041814392,"Toronto, Ontario",en
102102479,,en
94305172,,en
1898398482,,en
247301931,"Dahab, South Sinai, Egypt",en
2156917703,Peshawar (KpK) Pakistan,en
839542094624518144,San Diego CA (6/16/15),en
711325643938594816,,en
130934748,The conundrum that is Iowa.,en
863461897,,en
15051600,"Detroit, MI",en
2652653128,,en
3119845417,,en
2409498410,michigander my whole life,en
15883527,,en
860422006646296577,Greater Vancouver,en
726150346834337792,,en
450888799,"Tucson, AZ",en
2882391828,,en
615787633,Illinois,en
815786525501878272,"Maryland, USA",en
57448205,Jakarta,id
729385700869611520,Small planet near weak star.,en
911732384,ULM,en
2941365709,Atlanta,en
2690281202,Atlanta,es
69984210,Ireland,en
21207671,"Northern Morroco, USA.",en
1318619480,Japan,en
228791219,Australia,en
870065520825036802,"Sherwood, AR",en
210645138,Texas lady with Abba Father,en
796956123123347456,What Century Is This USA,en
23075927,"Wheatland, WY",en
74998364,"Seattle, WA",en
2757754571,,en
2275834219,"Dubai, United Arab Emirates",en
1072063873,Devant mon PC,fr
780453536345849857,"Ottawa, Ontario",en
2305059230,"Allahabad, U.P.",en
786764389,Dystopia,en
4190307435,,en
842480461825892356,Heart is in Rojava and Bashur. Spirit is in Armenia and Ethiopia.,en
914446565158346752,,id
899077070436917249,,en
264384712,Stockholm,en
854156495474352128,"Lara, Venezuela",es
30119049,,en
3207779679,"Llandudno, Conwy, Wales",en
2588323809,,nl
480138516,,en
90519221,LA/LONDON,en
709495793825292288,,en
438146224,98106,en
2450805341,uk,en
73648967,"New Delhi, India",en
3345018825,,en
2312444628,Loin/Far Away,fr
348545413,,en
2797986405,"Carlow, Ireland",en
757998745724162048,,en
2747654143,#RochesterNewYork,en
66042463,"Somewhere, some place",en
107087730,"Maryland, USA",en
25054029,Development Hell,en
524776832,UK  Liverpool  Sefton Park,en
140753841,"Karachi, Pakistan",en
419081441,"New York, USA",en
2807010077,USA,en
48663164,"London, Tunis,",en
2474497428,,en
23746494,,en
2427168679,,en
1239398264,,en
2548363814,⭐️⭐️ that bitch ⭐️⭐️,en
477252840,,en
739121224941342721,,en
760098215702110208,"Charleston, SC",en
496190214,"Southfield, Michigan",en
292391727,Wv.,en
173648366,"Music City, USA",en
905597444922023937,Beaumont CA,en
116916684,"Texas, USA",en
15974600,"Yellow Springs, OH",en
2891994706,"Denver, CO",en
251490236,"Vallejo, CA",en
717655207371481089,"Sheffield, England",en
14495675,Leaning against a wall,en
49470899,"Pasadena, California",en
2683471818,,en
363172776,,en
826194857249026049,,en
836742870941868033,World Wide News'vangalists,en
797154187905761280,,en
17913670,"Bend, OR",en
204473477,The Perihelion,en
841688429154906113,,en
243430489,301 STONEDWOOD,en
115663436,The Great State of New York,en
916042678470557696,"Satnali, India",en
438146224,98106,en
711245050441637888,,en
337406543,Los Angeles,en
977660786,,en
788172567228088320,"Hogar y Redención, CDMX",es
926185416,,en
20905495,,en
2732863449,,en-gb
824943784781832192,"Dublin, Ireland",en
715474256889384960,New York City SI,en
76288053,"Gaillac, France",fr
20661344,"Scottsdale, Arizona",en
906037761689346048,"Mumbai, India",en
1726098164,Falkirk,en
261307929,,en
2300158004,,en
821626750769754113,,en
34827038,,en
733618182817112064,"Gujarat, India",en
14164972,"Abilene, TX",en
866768502,,en
90519221,LA/LONDON,en
2925401263,,en
757548268519772161,,en
2863487811,,en
196985412,California,en
2767591421,Worldwide,en
895893776727773185,,en-gb
886203230258114561,Northeastern United States,en
422738750,lagos,en
1620010466,"Beautiful Vancouver, Canada",en
909083887321731072,,en
2161036068,london,en-gb
391424411,germany,de
823956989852012544,"California, USA",en
336346706,,en
2359180352,,en
4826677880,"Boise, Idaho, USA",en
1147554114,St Gilles Croix de Vie,fr
492507438,,en
723541641345273857,"Newcastle Upon Tyne, England",en
76767466,"Alabama, USA",en
120915270,,en
57991835,,en
823302473838448640,"Lisboa, Portugal",pt
20905495,,en
29106490,everywhere,en
40998660,Veracruz Mexico,en
743323123869614080,"Washington, USA",en
253628603,221B Baker St,en
199218350,"Mumbai, India",en
748465336408772608,Houston,en-gb
877027304249098240,,en
825468806118178816,Trumplandia,en
501074158,,en
913888364746571776,헤더는 까꿍까꿍님이 배포해 주셨습니다!!,ko
4054643129,,en
1620010466,"Beautiful Vancouver, Canada",en
2514475647,,en
2492659458,"Boston, MA",en
2877781091,,en
770318310,"Kailua, HI",en
36519979,Phoenix Az,en
1278896407,,en
733028342975344640,"Samsun, Türkiye",tr
464303706,"Calabasas, CA",en
149167987,,en
59029942,United States,en
2959403265,,en-gb
408230394,,es
2829615975,,en
714789546831908864,"Texas, USA",en
734892227411873792,"Missouri, USA",en
33810390,,en
32970306,,en
889862874616578049,"Charlotte, NC",en
2202152632,"Liverpool, England",en-gb
2473825934,"Henderson, NV",en
3672676237,North Avenue New Delhi India,en
1420702998,Atlantis,en
734892227411873792,"Missouri, USA",en
75596818,Henderson KY,en
826194857249026049,,en
474994622,MS,en
750868791752593408,,en
734892227411873792,"Missouri, USA",en
1166023872,America,en
2300158004,,en
21713409,Bristol/London/Ireland,en
2925401263,,en
2780806328,lbc,en
812885363874234368,,en
817979601653735424,,en
1239398264,,en
117652275,,en
630319799,"Moline, IL",en
838087780261642242,,en
2514298219,,en
207741450,Eagle River Alaska,en
35065199,Our own little GREY GARDENS,en
833439300322734080,,en
19938133,UK,en
16700221,"Chicago, IL",en
762174736566583296,"Kentucky, USA",en
1433548123,Heartland & Southland,en
3498448812,#YoungDemocratsForTrump,en
271459406,Singapore,en
765147594339254272,,en
877017665847603200,"Kirkland, WA",en
567813201,"Palm Desert, CA",en
439267102,,en
4063882515,,en
581322995,,en
416526021,Manhattan,en
744412608413995008,,en
888384683272261633,"Detroit, MI",en
754877230120132608,,en
1448517475,REİS'İN YANI,tr
322728724,"Clinton Township, Mi",en
14620883,,en
14897310,Melbourne Australia,en
119110361,east blue,fr
126115852,,fr
2858773094,"Brookings, SD",en
719375446748504072,On the couch!,en
759300383810301953,India,en
828183702354042880,United States,en
17825554,United States of America,en
722701984160182272,,en
20905495,,en
131419809,"Lagos, Nigeria.",en
576544629,bby girl's veins,en
877009697538064384,,ko
3805068732,,en
1572139472,,en
76713592,,en
2148456509,,en
882481619021348865,,en
877011751576797184,,ko
850326597806587906,,en
79770936,Toronto,en
438016587,"Charlotte, North Carolina",en
3646140073,"Phoenix, AZ",en
280243372,Boston,en
2473825934,"Henderson, NV",en
117490903,United States,en
14262317,"Torrance, CA",en
2277542109,Great Britain,en
3383116294,Like Chickenman I'm everywhere,en
401090263,"Anchorage, AK",en
1657715816,Either in bed or at the fridge,en
2182270281,Levallois-Perret // Paris,fr
268682395,SF,en
847113369182261249,,en
3401756152,,en
2999052404,,en
825468806118178816,Trumplandia,en
3723984135,Palmer Ak,en
824723306,contact:ashyprophet@gmail.com,en
59029942,United States,en
336346706,,en
826194857249026049,,en
830110145162178563,,en
3404702008,"Pennsylvania, USA",en
96067046,Greater Charlotte Area,en
26168536,USA,en
763535755545284608,USA,en
326092855,Houston area,en
67297220,America,en
738273474322403329,"Melbourne, Victoria",en
1621868402,#TCOT #PJNET #Patriot #2A #SOT,en
2795845032,"Glasgow, UK",en-gb
2970518715,"Lagos, Nigeria",en
836472721840164866,"Albuquerque, NM",en
700781136591585280,,en
905232611978731520,United States,en
2903132871,Reality,en-gb
136362719,,en
53269253,,en
617163751,"Atlanta,Georgia",en
251294222,United States,en
452718188,Seattle,en
62236036,Everywhere,en
2172864360,Blue Mountains,en
1113774037,,de
2970518715,"Lagos, Nigeria",en
843982667423141888,"Wisconsin, USA",en
2773673031,"Hopkinton, NH.",en
129614289,yellowstone national park,en
826194857249026049,,en
130668639,"Melbourne, Australia",en
206003431,,en
4056983819,America First,en
2970518715,"Lagos, Nigeria",en
22827011,greatest city in the universe,en
560817896,"Tennessee, USA",en
847113369182261249,,en
3383116294,Like Chickenman I'm everywhere,en
914398518953086976,"California, USA",ru
555333217,New York City,en
2215736377,,en
4184711712,"Riverside, CA",en
125744394,,en
476362224,Missouri,en
630319799,"Moline, IL",en
2970518715,"Lagos, Nigeria",en
871172279274569729,America,en
715474256889384960,New York City SI,en
26792503,Florida,en
818819900281999360,山口とか言う所でカービィと暮らしてます,ja
251294222,United States,en
874378350382522369,Pátria do Evangelho,pt
188525211,,en
1560399391,,en
329318863,DC,en
14164972,"Abilene, TX",en
2448311839,Right Beside You,en
869111488388022272,🔯🇮🇱Israel🇮🇱🕎,en
3929552902,Türkiye,tr
2712877389,,en
340545072,present,en
36519979,Phoenix Az,en
340545072,present,en
340545072,present,en
743198636801146881,"Las Vegas, NV",en
890953101770973184,wherever the story takes me.,en
738594621010251782,"Lima, Peru",es
755244126279315462,,en
829724108,"Gard, Languedoc-Roussillon",fr
869846086940217344,"Alameda, CA",en
3543356362,United Kingdom,en
10695762,Northern Hemisphere! PNW!,en
857800469023907840,"Anaheim, CA",en
715032913365057536,,en
719375446748504072,On the couch!,en
441214858,Eppur si muove-Keith Law,en
2313341894,,en
757250499787751424,"Philadelphia, PA",en
401090263,"Anchorage, AK",en
522971547,,en
830110145162178563,,en
905232611978731520,United States,en
3069315311,,fr
1286905933,,en
860422006646296577,Greater Vancouver,en
728364449862668289,,en
4584282501,"Chicago, IL",en
4830107132,,en
2866118052,,en
919836145608949760,,en
723251650174017536,UK,en
4621879343,,en
14164972,"Abilene, TX",en
886717634,"Gaborone, Botswana",en
700390666107543556,,en
833891778579214339,PNW,en
731046627432124416,"Berlin, Deutschland",de
76713592,,en
546069080,NYC,en
3585988938,"Nevada City, CA",en
772891119424331776,,en
741102510,,en
47366042,Around the world!,en
17989329,"Land of a 1,000 Dances",en
977660786,,en
228791219,Australia,en
826194857249026049,,en
2305059230,"Allahabad, U.P.",en
108061119,"Miami, Fl",en
747199706070122500,,en
836932197705723907,"Tustin, CA",en
29999737,Bristol,en
451883357,Montana,en
616216236,Virginia,en
473236960,"Renton, WA",en
21712616,"Ohio, USA",en
275261894,,en
1639109928,"Sunflower, Alabama",en
847113369182261249,,en
49470899,"Pasadena, California",en
3401756152,,en
2836481040,"Apache Junction, AZ",en
3383116294,Like Chickenman I'm everywhere,en
842522846236573696,"Palo Alto, CA",en
3635585898,,en
112970814,everywere...,fr
184014559,"Noord-Holland, Amsterdam",nl
2872455953,England,en-gb
910456285757366272,"London, England",en-gb
805470750757056516,"Dubai, United Arab Emirates",en
862518890374598656,,en
780453536345849857,"Ottawa, Ontario",en
10325642,NY,en
1095874712,,en
877338203056775169,"Darwin, Northern Territory",en
230726194,Michigan,en
2544088874,"London, England",en
907301273266999299,,en
237110655,Brisbane,en
3327424237,"Washington, USA",en
16475861,,en
398095103,"Sheffield, UK",en
47446743,"New York, USA",en
368808963,Kyiv,en
48079500,earth,en
2827239973,"Texas, USA",en
733513649826889733,"Washington, DC",en
232906886,Netherlands,en
326092855,Houston area,en
3290508198,,en
1449290017,,en
726150346834337792,,en
1270439359,,en
3387727233,"London, England",en
292679653,"Tustin, CA",en
76713592,,en
136362719,,en
26238476,Straddling Hadrian's Wall,en
227977955,Monchique/Algarve,de
854792794984120321,,en
3447903267,,fr
703315492673626112,"Ile-de-France, France",fr
454127373,"Charleston, South Carolina",en
1252124690,,en
4826677880,"Boise, Idaho, USA",en
2177167210,Canada,en
916955953341370368,,tr
894761118484250625,,en
751551474367291393,"Oregon, USA",en
869584339138469889,"Washington, DC",en
852858590427836416,"Accra, Ghana",en
142109657,New Zealand,en
740186171582582784,,en
796848766334697472,"Myrtle Beach, SC",en
34827038,,en
367895161,,es
54930331,"Belgium, Scotland, USA",en
771585859996921857,The White House,en
2866118052,,en
3229496760,"Salem, OR",en
3017703114,,en
816343153,"Tuscaloosa, AL",en
719375446748504072,On the couch!,en
2545369221,3M🖇,fr
2479234403,,en
125596364,Cornwall UK,en
2491710408,Canada,en
365342398,"Phoenix, AZ",en
1204575726,United States,en
161664878,"Hove, East Sussex",en
600226083,,en
128844065,Candyland,en
169126226,Calgary Alberta Canada,en
630319799,"Moline, IL",en
1421284267,"California, USA",en
723368573775699969,Papua New Guinea,en
709454961667661824,,en
827550864793620480,Sweden,en
4621879343,,en
252428768,"Fortified Bunker, Iowa",en
716171074904260608,"Warragul South, Victoria",en
1286905933,,en
329318863,DC,en
257808156,oregon usa,en
824833660855660544,,en
526298403,"Adelaide, Australia",en
4832460434,"Washington, USA",en
705228193318318081,,en
4184711712,"Riverside, CA",en
3271771868,,en
2684256864,UNIVERSE,en
2959029462,,en
823304170606395396,"Citrus Park, FL",en
785300464820781056,"Rhode Island, USA",en
614520814,,en
905232611978731520,United States,en
2978275647,,en
2894786789,"Liverpool, England",en-gb
915512872226230277,"Geneseo, IL",en
564861472,Here,en
874033429,World,it
247301931,"Dahab, South Sinai, Egypt",en
715474256889384960,New York City SI,en
143663678,,en
1449290017,,en
841688429154906113,,en
2745959713,Suomi,fi
838220095923109888,the wilderness,en
718483844261806080,,en
882481619021348865,,en
23086574,"Florida, USA",en
329318863,DC,en
3279003277,"Texas, USA",en
72305761,inverness,en
53995533,"South Carolina, USA",en
2834328023,"Behind enemy lines, Mayo lines",en
17228856,Rural,en
278621639,London,en-gb
115432090,Memphis | Tempe,en
193071149,Norfolk,en
2747654143,#RochesterNewYork,en
31056307,"Planet Earth, Milky Way",en
184184701,(Almost independent) Scotland.,en
761448286406385664,,en
377796715,Austin TX USA,en
364312931,"Glasgow, Scotland",en
1898398482,,en
2766163443,"Dinnington, England",en
16514511,Virtual worlds,en
818224631224107008,Wet coast,en
3036365567,,nl
794399284225392640,,en
786593428595412996,France,en
803885588,"Spokane, WA",en
786593428595412996,France,en
785855476068212738,,en
887522400975368196,United States,en
1453432927,"La vagina de tu novia, Ecuador",es
2512085575,Interfina House  (Mezz Floor ),en-gb
388260692,london,en
271402384,Gods own Country Yorkshire.,en
96793211,,en
1360953301,News That Really Matters!,en
36413526,Shanghai,en
850326597806587906,,en
702244455529709569,,en
169054291,Panama,en
1326569641,New Delhi - Kolkata,en
23122074,Taunton,en
335339326,"Los Angeles, CA",en
2472666014,las palmas,es
167014241,milano,it
2450805341,uk,en
2954843015,"Newport News, Va",en
968700594,,fr
421994428,,en
2450460074,,en
116157545,Brighton UK,en
138817043,"Alabama, USA",en
745952618493665280,London / Texas,en-gb
2765658385,"Puebla, México",es
983757950,FUCK CR,en
784725688091746304,,en
55155032,,en
28096651,"San Salvador, El Salvador",es
852392273157476352,,en
780685446913269760,Italy,en
17609723,,en
19678842,"aiken, sc",en
829724108,"Gard, Languedoc-Roussillon",fr
3236218886,USA,en
425967054,United Kingdom,en
882481619021348865,,en
847899028826144768,,en
40173650,RT's Are FYI Purposes Only,en
20854891,The Cube of Doom,en
36519979,Phoenix Az,en
3955586356,,en
2577499730,Canada,en
4319456714,,en
2972768459,Centre parfois:gauche/droite😜,fr
280082481,"Newfoundland and Labrador, Can",en
832051767928090624,,en
3902306740,"East Midlands, England",en-GB
40173650,RT's Are FYI Purposes Only,en
401638876,,en
32972397,"Olympia, WA",en
37811942,,en
787760293636104192,"Los Angeles, CA",en
2941365709,Atlanta,en
33810390,,en
785855476068212738,,en
40173650,RT's Are FYI Purposes Only,en
1258767608,,da
2690281202,Atlanta,es
421994428,,en
870639979218829312,"Bethesda, MD",en
34755143,The Space City,en
251294222,United States,en
3311513978,"Mumbai, India",en
17588185,"California, USA",en
51117589,"Bengaluru, Karnataka",en
818146228210900993,"Accra, Ghana",en
34827038,,en
269175938,Washington D.C,en
3258594861,Pa,en
358109775,Desh badal raha hai,en
779411189101129729,who knows,en
3408519333,"Scotland, United Kingdom",en-gb
723368573775699969,Papua New Guinea,en
301212396,Arizona,en
2160518682,"London, England",en
818570656518438918,United States,en
892206339002216448,"Oakland, CA",en
314676814,East Coast 🎃👻🍁🎃👻🍂,en
600588172,🍮,en
734566742052200449,"Anaheim, CA",en
799073330032611328,,en
1427199624,"Dallas, TX",en
824430755862437890,USA,en
736291017444429824,,en
770973506695630849,,en
16111689,"Leuven, Brabant, Belgium",nl
3340102054,"London, England",en
522459690,Lil Beirut / Southern Cascadia,en
2741373457,Through the Rain,en
1928626314,"Washington, USA",en
917331339950428160,Malaysia,en
829724108,"Gard, Languedoc-Roussillon",fr
385070979,Tamworth,en
210645138,Texas lady with Abba Father,en
4860394491,"Inside My Head, Always",en
1052264472,"TRUMP WORLD TOWERS,NYC,USA🇺🇸",en
795885534690373632,North Carolina,en
875853515821862912,TEXAS,en
1573191368,,en
863087067542286336,United States,en
3376927462,,en
3260996819,,en
397916391,Amiens,fr
755866213411094532,,en
461630034,Beaver UT,en
788829878191882240,"Liverpool, England",en-gb
47224036,"San Francisco, CA",en
247301931,"Dahab, South Sinai, Egypt",en
964596644,,en
3401756152,,en
23293124,"California, Colorado, Calabria",en
15139384,"iPhone: 34.219685,-118.842003",en
29612368,Cloud 9,en
429957647,Karachi,en
2417257886,Hong Kong,en
600226083,,en
776093566514843648,,en
1109468498,,en
847899028826144768,,en
890618924907102211,"Bogotá, D.C., Colombia",hr
618445240,DarkRoom of Ms. Jones,en
763685095844765696,"London, England",en-gb
719375446748504072,On the couch!,en
859511518475370497,"Vancouver, British Columbia",en
227977955,Monchique/Algarve,de
83617835,SoCal,en
127537805,Buffalo NY,en
106937647,PhD.,en
347601335,Applebees,en
63423805,,en
825521212256194561,"California, USA",en
407281235,Vienna,en
797154187905761280,,en
1286905933,,en
198350602,"Auckland, New Zealand",en
2715563643,"Atlanta, GA",en
823866286753148928,,en
929628361,,en
815786525501878272,"Maryland, USA",en
3236218886,USA,en
730234355738517504,,en
125646835,I am in my happy place,en
326092855,Houston area,en
401638876,,en
1218866012,Tampa Florida,en
823568671796641792,,en-gb
3165342239,,en
328440716,,en
1511976456,,en
231953370,where i'm is.,en
773113010,ig: coexara,es
1560399391,,en
15901107,,en
2914166270,HAWAII,en
876935052139036672,"North Carolina, USA",en
54930331,"Belgium, Scotland, USA",en
797154187905761280,,en
16514511,Virtual worlds,en
4304666474,United States,en
401090263,"Anchorage, AK",en
556583101,,tr
3020317105,,en
2728570125,,en
850762303599456256,"Edinburgh, Scotland",en
813305048,"Oakland, CA",en
2908126103,"Connecticut, USA",en
2725846373,,en
20044326,London,en
3015858218,,en
2771437449,"Arizona, USA",en
2231154998,USA © ALL RIGHTS RESERVED,en
803885588,"Spokane, WA",en
2411378105,"yo buttcrack, texas",en
426185057,"alexandria,virgina",en
2381909720,,en
497495543,"Phoenix, AZ",en
720090731973619713,"Pittsburgh, PA - USA",en
2796332422,,fr
713874198439923712,"Florida, USA",en
891027435038408704,Wirral,en
27806411,,en
707980276228595712,Worldwide,en
1867967047,,en
2307296066,,en
615546626,"Sterling, VA",en
847899028826144768,,en
758516694180438017,,en
849089951870439429,"Pennsylvania, USA",en
59746019,,it
412627022,Closer than you think,en
1908729996,"Edmonton, Alberta, CANADA!",en
3404856688,,en
88219831,Australia,en
801388682561339392,"Brussels, Belgium",en-gb
47224036,"San Francisco, CA",en
804529508527251457,United States,en
583663235,In The Whirlwind,en
335096977,New York,en
3038748640,,en
977660786,,en
17545469,"San Diego, CA",en
2790442199,Britain,en-gb
204010235,France,fr
765387777508724736,at YOUR heart ❤,en
14792167,"OC (near Coast), CA, USA",en
16600434,Galway,en
1109468498,,en
17141761,"Phoenix,AZ",en
314676814,East Coast 🎃👻🍁🎃👻🍂,en
326092855,Houston area,en
3227118874,Yorkshire and The Humber,en
291160914,United States of America,en
357267251,,en
1229641040,NIGERIA,en
3188053392,,en
3082100407,Schland,de
914465392424136705,"Huskiesville, Washington State",en
