lang,id,location,max(friends_count)
fr,747811890991087617,Afrique,25853
fr,747811890991087617,Afrique,25853
en,24621370,Prisoner of thought,83805
en,1332398161,,83805
en,14424667,L.A. all day,83805
en,3864138205,United States,83805
en,2716028982,,83805
en,17492639,California and France,83805
de,827645780756426752,"Bad Dürkheim, Rheinland-Pfalz",1020
en,2275834219,"Dubai, United Arab Emirates",83805
en,2716028982,,83805
en,1620010466,"Beautiful Vancouver, Canada",83805
en,3352666283,"Orlando, FL",83805
en,2716028982,,83805
en,46125484,United States of America,83805
en,1136684586,,83805
en-GB,3677632163,Slough-Near-Upon-Thames,737
ja,274896986,Tokyo,3074
en,491508078,Staffordshire UK,83805
en,238677979,"San Diego, CA",83805
es,849653058690842624,"San Francisco, Venezuela",111420
en,402335158,United States,83805
en,2716028982,,83805
en,245688940,,83805
en,28064611,"Tucson, AZ",83805
en,3171660559,,83805
en-gb,3001544593,پاکستان,3807
es,900091224387932160,"Distrito Capital, Venezuela",111420
en,98377574,"England, United Kingdom",83805
en,758199902023266304,,83805
en,464572224,,83805
en,909873683652636677,United States,83805
en,433558781,London,83805
en,281965254,Boston,83805
en,342881881,Questioning Authority,83805
en,2252433388,,83805
en,901189601263472640,"San Francisco, CA",83805
en,1229007625,"Chico, CA",83805
en,2978651261,,83805
en,2611863050,Leeds,83805
en,17141761,"Phoenix,AZ",83805
ru,575485483,,172
fr,758973721814065152,"Villeneuve-sur-Lot, France",25853
en,3266423425,,83805
en,843718836,Horbury,83805
es,842823688273694720,,111420
en,449314153,International,83805
en,208051613,"Lahore, Pakistan.",83805
es,155570733,"Zulia, Venezuela",111420
en,461630034,Beaver UT,83805
fr,470232484,"Guildford, Surrey",25853
en,798543895302905856,,83805
en,3951026057,,83805
en,1620010466,"Beautiful Vancouver, Canada",83805
es,849649493696020484,"San Francisco, Venezuela",111420
en,17709117,South West England,83805
en,878447723380453383,"Missouri, USA",83805
es,155570733,"Zulia, Venezuela",111420
es,849661275433050112,"San Francisco, Venezuela",111420
en,3852497896,South Africa,83805
en,58869220,,83805
es,820371349692616704,"San Francisco, Venezuela",111420
en,365342398,"Phoenix, AZ",83805
nl,250111072,"Zuid-Holland, Nederland",1308
en,786764389,Dystopia,83805
en,774939947539263488,,83805
en,54743209,United States,83805
es,201696525,Venezuela,111420
en,721622372,United States,83805
en,527727392,,83805
en,366700152,Bedford/Brixton,83805
en,1335947582,,83805
en,628979942,Western United States,83805
en,739118222,,83805
fr,1911141223,221B Baker Street,25853
en,917729023282757632,"California, USA",83805
en,48134156,,83805
en,879488268,"Perth, Western Australia",83805
en,3352666283,"Orlando, FL",83805
en,977643673,,83805
fr,3167563768,,25853
fr,1370181536,,25853
en,261863668,somewhere in the middle,83805
es,76641566,Caracas - Venezuela,111420
en,93134894,,83805
es,898307258794246144,,111420
en,160399704,NYC/Chicago/Wisconsin,83805
en,200264881,,83805
en,821405210199412736,Somewhere Out There 👓,83805
en,2201016251,United States,83805
en,525595860,Top of the World,83805
en-GB,3426534239,,737
en,16514511,Virtual worlds,83805
fr,1052797081,,25853
en,357525876,"New Orleans, La",83805
en,49470899,"Pasadena, California",83805
en,357747160,,83805
en,316331833,,83805
en,729402599712169984,,83805
en,1620010466,"Beautiful Vancouver, Canada",83805
en,1898398482,,83805
en,878447723380453383,"Missouri, USA",83805
en,149832466,"Earth, Sol System, Via Lactea",83805
en,93587591,"Europe, mostly",83805
en,811114674687250432,,83805
en,17912290,Amsterdam,83805
en,17159211,London,83805
en,15002660,Brexit Buggered Blighty,83805
en,64975185,"Taipei, Taiwan",83805
en,600226083,,83805
en,4826677880,"Boise, Idaho, USA",83805
en,151295439,I live in paradise.,83805
en,737632452,"Vale of Glamorgan, Wales",83805
en,3041814392,"Toronto, Ontario",83805
en,69984210,Ireland,83805
en,496362263,"Lahore, Pakistan",83805
en,4584282501,"Chicago, IL",83805
en,161166011,Home in SE Nevada,83805
en,58869220,,83805
en,891720099480121344,Switzerland,83805
en,76999647,Los Angeles,83805
en,28725143,Australia,83805
en,822568250227785728,,83805
en,3271771868,,83805
en,746939863547641857,United States,83805
en,182294790,"Barcelona, Spain",83805
en,3383116294,Like Chickenman I'm everywhere,83805
en,964036711,,83805
en,615134164,"Estes Park, CO",83805
ko,877005110982828032,,253
en,874313195007217664,Nigeria,83805
ko,877006003157442562,,253
en,403126710,,83805
en,20760246,,83805
en,19678842,"aiken, sc",83805
en,165567788,California,83805
en,16138770,Two Minutes To Belgium,83805
en,452726660,New Jersey,83805
en,4872729485,NYC,83805
en,2846035024,,83805
en,806596587971629056,,83805
en,1545053600,,83805
en,914899305198002176,Kaliefornia.,83805
en,795885534690373632,North Carolina,83805
en,379814730,,83805
en,2698944006,"Minnesota, USA",83805
en,3404381668,,83805
en,926360826,,83805
en,25671830,"Dallas, TX",83805
en,786361147444178944,,83805
en,420358585,"Bengaluru, India",83805
en,804345530478448640,"Nottingham, England",83805
da,894809653275656192,,2275
en,19785093,"London, England",83805
en,252510049,,83805
en,3303150538,,83805
en,177343856,"Glasgow, Scotland",83805
en,826194857249026049,,83805
en,536042516,"California, USA",83805
en,132970227,NYC,83805
en,329841122,,83805
es,800702200473210880,,111420
en,833741437464309764,,83805
en,14365762,Politics4All HQ,83805
en,1026477853,ANTI-TRUMP,83805
en,119252795,"Pasadena, CA",83805
tr,811800377121239044,Kudüs Filistin,1633
en,74149816,Canada,83805
en,14365762,Politics4All HQ,83805
en,711325643938594816,,83805
en,892098373527887874,"Madhya Pradesh, India",83805
en,2202214488,London,83805
en,14365762,Politics4All HQ,83805
en,711678246270533632,LAKE TAHOE,83805
en-GB,3902306740,"East Midlands, England",737
en,192308563,,83805
en,154509256,London,83805
en,874897506,"California, USA",83805
en,826667248714551296,,83805
en,47224036,"San Francisco, CA",83805
nl,916939747582504965,Nederland,1308
en,14365762,Politics4All HQ,83805
en,726150346834337792,,83805
en,172662602,Sydney,83805
en,3007775279,Cornwall/Oxford,83805
en,755866213411094532,,83805
en,2224599691,NL,83805
en,225253030,,83805
en,1321779175,No idea. I think I'm lost,83805
en,474876434,London,83805
fr,3167563768,,25853
en,33220691,New York & London,83805
en,779533280320163845,"Los Angeles, CA",83805
en,15174432,Asgard,83805
en,349666640,Islamic Republic of Iran,83805
en,1466338231,united states,83805
en,741444668928458752,Earth,83805
tr,891768958365446145,Dünya/Evren,1633
en,894370607927832576,,83805
en,365175985,Londres,83805
en,51062062,"Manchester, United Kingdom.",83805
en,1896349093,,83805
en,260099048,"Memphis,  TN",83805
en,29105241,wait on it,83805
en,2275834219,"Dubai, United Arab Emirates",83805
en,27506252,Dubai,83805
en,2683471818,,83805
en,114685537,,83805
en,806301347905732608,,83805
en,614916825,KCMO,83805
en,74715952,NYC,83805
en,795885534690373632,North Carolina,83805
en,898774726474158080,,83805
en,205649776,"Sydney, Australia",83805
en,572965711,Western NY,83805
en,23075927,"Wheatland, WY",83805
en,829427709683986432,#25thAmendmentNow,83805
en,3590614516,"Boise, Idaho",83805
en,20158199,Leeds,83805
en,710007608288133120,United States,83805
en,45333453,Alabama,83805
en,257808156,oregon usa,83805
en,34827038,,83805
ko,893544697834086401,,253
en,3404702008,"Pennsylvania, USA",83805
en,24652003,,83805
en,1335947582,,83805
en,236020139,,83805
en,4887107219,,83805
en-gb,714845873084170240,Belfast Northern Ireland,3807
en,3041814392,"Toronto, Ontario",83805
en,102102479,,83805
en,94305172,,83805
en,1898398482,,83805
en,247301931,"Dahab, South Sinai, Egypt",83805
en,2156917703,Peshawar (KpK) Pakistan,83805
en,778711561800065025,,83805
en,839542094624518144,San Diego CA (6/16/15),83805
en,711325643938594816,,83805
en,778711561800065025,,83805
en,15473639,Everywhere,83805
es,2400260346,,111420
en,130934748,The conundrum that is Iowa.,83805
en,863461897,,83805
en,15051600,"Detroit, MI",83805
en,2652653128,,83805
en,3119845417,,83805
en,2409498410,michigander my whole life,83805
en,15883527,,83805
en,860422006646296577,Greater Vancouver,83805
en,726150346834337792,,83805
ar,918782771811799041,,1
en,450888799,"Tucson, AZ",83805
en,778711561800065025,,83805
en,2882391828,,83805
en,615787633,Illinois,83805
en,815786525501878272,"Maryland, USA",83805
id,57448205,Jakarta,334
en,778711561800065025,,83805
en,729385700869611520,Small planet near weak star.,83805
en,911732384,ULM,83805
en,2941365709,Atlanta,83805
es,2690281202,Atlanta,111420
en,69984210,Ireland,83805
en,21207671,"Northern Morroco, USA.",83805
en,1318619480,Japan,83805
en,228791219,Australia,83805
en,870065520825036802,"Sherwood, AR",83805
en,210645138,Texas lady with Abba Father,83805
en,796956123123347456,What Century Is This USA,83805
en,23075927,"Wheatland, WY",83805
en,74998364,"Seattle, WA",83805
en,2757754571,,83805
en,2275834219,"Dubai, United Arab Emirates",83805
fr,1072063873,Devant mon PC,25853
en,780453536345849857,"Ottawa, Ontario",83805
en,2305059230,"Allahabad, U.P.",83805
en,786764389,Dystopia,83805
en,4190307435,,83805
en,1862901781,,83805
en,842480461825892356,Heart is in Rojava and Bashur. Spirit is in Armenia and Ethiopia.,83805
id,914446565158346752,,334
en,899077070436917249,,83805
en,264384712,Stockholm,83805
es,854156495474352128,"Lara, Venezuela",111420
en,30119049,,83805
en,3207779679,"Llandudno, Conwy, Wales",83805
nl,2588323809,,1308
en,480138516,,83805
en,90519221,LA/LONDON,83805
en,709495793825292288,,83805
en,438146224,98106,83805
en,2450805341,uk,83805
en,73648967,"New Delhi, India",83805
en,3345018825,,83805
fr,2312444628,Loin/Far Away,25853
en,348545413,,83805
en,2797986405,"Carlow, Ireland",83805
en,757998745724162048,,83805
en,2747654143,#RochesterNewYork,83805
en,66042463,"Somewhere, some place",83805
en,107087730,"Maryland, USA",83805
en,25054029,Development Hell,83805
en,524776832,UK  Liverpool  Sefton Park,83805
en,140753841,"Karachi, Pakistan",83805
en,419081441,"New York, USA",83805
en,2807010077,USA,83805
en,48663164,"London, Tunis,",83805
en,2474497428,,83805
en,23746494,,83805
en,2427168679,,83805
en,1239398264,,83805
en,2548363814,⭐️⭐️ that bitch ⭐️⭐️,83805
en,477252840,,83805
en,739121224941342721,,83805
en,760098215702110208,"Charleston, SC",83805
en,496190214,"Southfield, Michigan",83805
en,292391727,Wv.,83805
en,173648366,"Music City, USA",83805
en,859846228347170816,,83805
en,905597444922023937,Beaumont CA,83805
en,600947151,London,83805
en,116916684,"Texas, USA",83805
en,15974600,"Yellow Springs, OH",83805
en,2891994706,"Denver, CO",83805
en,251490236,"Vallejo, CA",83805
en,717655207371481089,"Sheffield, England",83805
en,14495675,Leaning against a wall,83805
en,49470899,"Pasadena, California",83805
en,2683471818,,83805
en,363172776,,83805
en,826194857249026049,,83805
en,836742870941868033,World Wide News'vangalists,83805
en,797154187905761280,,83805
en,17913670,"Bend, OR",83805
en,204473477,The Perihelion,83805
en,841688429154906113,,83805
en,243430489,301 STONEDWOOD,83805
en,115663436,The Great State of New York,83805
en,916042678470557696,"Satnali, India",83805
fr,101817931,"Dijon, Salives, Côte-d'Or",25853
en,438146224,98106,83805
en,711245050441637888,,83805
en,337406543,Los Angeles,83805
en,977660786,,83805
es,788172567228088320,"Hogar y Redención, CDMX",111420
en,926185416,,83805
en,20905495,,83805
en-gb,2732863449,,3807
en,824943784781832192,"Dublin, Ireland",83805
en,715474256889384960,New York City SI,83805
fr,76288053,"Gaillac, France",25853
en,20661344,"Scottsdale, Arizona",83805
en,906037761689346048,"Mumbai, India",83805
en,1726098164,Falkirk,83805
en,261307929,,83805
en,2300158004,,83805
en,821626750769754113,,83805
en,34827038,,83805
en,733618182817112064,"Gujarat, India",83805
en,14164972,"Abilene, TX",83805
en,866768502,,83805
en,90519221,LA/LONDON,83805
en,778711561800065025,,83805
en,2925401263,,83805
en,757548268519772161,,83805
en,2863487811,,83805
en,196985412,California,83805
en,2767591421,Worldwide,83805
en-gb,895893776727773185,,3807
en,886203230258114561,Northeastern United States,83805
en,422738750,lagos,83805
en,1620010466,"Beautiful Vancouver, Canada",83805
en,909083887321731072,,83805
en-gb,2161036068,london,3807
de,391424411,germany,1020
en,823956989852012544,"California, USA",83805
en,336346706,,83805
en,2359180352,,83805
en,4826677880,"Boise, Idaho, USA",83805
fr,1147554114,St Gilles Croix de Vie,25853
en,492507438,,83805
en,723541641345273857,"Newcastle Upon Tyne, England",83805
en,76767466,"Alabama, USA",83805
en,120915270,,83805
en,57991835,,83805
pt,823302473838448640,"Lisboa, Portugal",291
en,20905495,,83805
en,29106490,everywhere,83805
en,40998660,Veracruz Mexico,83805
en,743323123869614080,"Washington, USA",83805
en,253628603,221B Baker St,83805
en,199218350,"Mumbai, India",83805
en-gb,748465336408772608,Houston,3807
en,877027304249098240,,83805
en,825468806118178816,Trumplandia,83805
en,501074158,,83805
ko,913888364746571776,헤더는 까꿍까꿍님이 배포해 주셨습니다!!,253
en,4054643129,,83805
en,1620010466,"Beautiful Vancouver, Canada",83805
en,2514475647,,83805
en,2492659458,"Boston, MA",83805
en,2877781091,,83805
fr,3167563768,,25853
en,770318310,"Kailua, HI",83805
en,36519979,Phoenix Az,83805
en,1278896407,,83805
tr,733028342975344640,"Samsun, Türkiye",1633
en,464303706,"Calabasas, CA",83805
en,149167987,,83805
en,59029942,United States,83805
en-gb,2959403265,,3807
es,408230394,,111420
en,2829615975,,83805
en,714789546831908864,"Texas, USA",83805
en,734892227411873792,"Missouri, USA",83805
en,33810390,,83805
en,32970306,,83805
en,889862874616578049,"Charlotte, NC",83805
en-gb,2202152632,"Liverpool, England",3807
en,2473825934,"Henderson, NV",83805
en,3672676237,North Avenue New Delhi India,83805
en,1420702998,Atlantis,83805
en,734892227411873792,"Missouri, USA",83805
en,75596818,Henderson KY,83805
en,826194857249026049,,83805
en,474994622,MS,83805
en,750868791752593408,,83805
en,734892227411873792,"Missouri, USA",83805
en,1166023872,America,83805
en,2300158004,,83805
en,21713409,Bristol/London/Ireland,83805
en,2925401263,,83805
en,2780806328,lbc,83805
en,812885363874234368,,83805
en,817979601653735424,,83805
en,1239398264,,83805
en,117652275,,83805
en,630319799,"Moline, IL",83805
en,838087780261642242,,83805
en,2514298219,,83805
en,207741450,Eagle River Alaska,83805
en,35065199,Our own little GREY GARDENS,83805
en,833439300322734080,,83805
en,19938133,UK,83805
en,16700221,"Chicago, IL",83805
en,762174736566583296,"Kentucky, USA",83805
en,1433548123,Heartland & Southland,83805
en,3498448812,#YoungDemocratsForTrump,83805
en,271459406,Singapore,83805
en,765147594339254272,,83805
en,877017665847603200,"Kirkland, WA",83805
fr,3167563768,,25853
en,567813201,"Palm Desert, CA",83805
en,439267102,,83805
en,4063882515,,83805
en,581322995,,83805
en,416526021,Manhattan,83805
en,744412608413995008,,83805
en,888384683272261633,"Detroit, MI",83805
en,754877230120132608,,83805
tr,1448517475,REİS'İN YANI,1633
en,322728724,"Clinton Township, Mi",83805
en,14620883,,83805
en,14897310,Melbourne Australia,83805
fr,119110361,east blue,25853
fr,126115852,,25853
en,2858773094,"Brookings, SD",83805
en,719375446748504072,On the couch!,83805
en,759300383810301953,India,83805
en,828183702354042880,United States,83805
en,17825554,United States of America,83805
en,722701984160182272,,83805
en,20905495,,83805
en,131419809,"Lagos, Nigeria.",83805
en,576544629,bby girl's veins,83805
ko,877009697538064384,,253
ru,856814839603372037,,172
en,3805068732,,83805
en,1572139472,,83805
en,76713592,,83805
en,2148456509,,83805
en,882481619021348865,,83805
ko,877011751576797184,,253
en,850326597806587906,,83805
en,79770936,Toronto,83805
en,19098937,"Saint Paul, MN",83805
en,438016587,"Charlotte, North Carolina",83805
en,3646140073,"Phoenix, AZ",83805
en,280243372,Boston,83805
en,2473825934,"Henderson, NV",83805
de,2478510529,,1020
en,117490903,United States,83805
en,14262317,"Torrance, CA",83805
en,2277542109,Great Britain,83805
en,3383116294,Like Chickenman I'm everywhere,83805
en,401090263,"Anchorage, AK",83805
en,1657715816,Either in bed or at the fridge,83805
fr,2182270281,Levallois-Perret // Paris,25853
en,268682395,SF,83805
en,847113369182261249,,83805
en,3401756152,,83805
en,2999052404,,83805
en,825468806118178816,Trumplandia,83805
en,3723984135,Palmer Ak,83805
en,824723306,contact:ashyprophet@gmail.com,83805
en,59029942,United States,83805
en,336346706,,83805
en,826194857249026049,,83805
en,830110145162178563,,83805
en,3404702008,"Pennsylvania, USA",83805
en,96067046,Greater Charlotte Area,83805
en,26168536,USA,83805
en,763535755545284608,USA,83805
en,326092855,Houston area,83805
en,67297220,America,83805
en,738273474322403329,"Melbourne, Victoria",83805
en,1621868402,#TCOT #PJNET #Patriot #2A #SOT,83805
en-gb,2795845032,"Glasgow, UK",3807
en,2970518715,"Lagos, Nigeria",83805
en,836472721840164866,"Albuquerque, NM",83805
en,700781136591585280,,83805
en,905232611978731520,United States,83805
en-gb,2903132871,Reality,3807
en,136362719,,83805
en,53269253,,83805
en,617163751,"Atlanta,Georgia",83805
en,251294222,United States,83805
en,452718188,Seattle,83805
en,62236036,Everywhere,83805
en,2172864360,Blue Mountains,83805
de,1113774037,,1020
en,2970518715,"Lagos, Nigeria",83805
en,843982667423141888,"Wisconsin, USA",83805
en,2773673031,"Hopkinton, NH.",83805
en,129614289,yellowstone national park,83805
en,826194857249026049,,83805
en,130668639,"Melbourne, Australia",83805
en,206003431,,83805
en,4056983819,America First,83805
en,2970518715,"Lagos, Nigeria",83805
en,22827011,greatest city in the universe,83805
en,560817896,"Tennessee, USA",83805
en,847113369182261249,,83805
en,3383116294,Like Chickenman I'm everywhere,83805
en,288659231,Tokyo's Tsukiji district,83805
ru,914398518953086976,"California, USA",172
en,555333217,New York City,83805
en,2215736377,,83805
en,4184711712,"Riverside, CA",83805
en,125744394,,83805
en,476362224,Missouri,83805
en,630319799,"Moline, IL",83805
en,2970518715,"Lagos, Nigeria",83805
en,871172279274569729,America,83805
en,715474256889384960,New York City SI,83805
en,26792503,Florida,83805
ja,818819900281999360,山口とか言う所でカービィと暮らしてます,3074
en,251294222,United States,83805
pt,874378350382522369,Pátria do Evangelho,291
en,188525211,,83805
en,1560399391,,83805
en,329318863,DC,83805
en,14164972,"Abilene, TX",83805
en,2448311839,Right Beside You,83805
en,869111488388022272,🔯🇮🇱Israel🇮🇱🕎,83805
tr,3929552902,Türkiye,1633
en,2712877389,,83805
en,340545072,present,83805
en,36519979,Phoenix Az,83805
en,340545072,present,83805
en,340545072,present,83805
en,743198636801146881,"Las Vegas, NV",83805
en,890953101770973184,wherever the story takes me.,83805
es,738594621010251782,"Lima, Peru",111420
en,755244126279315462,,83805
fr,829724108,"Gard, Languedoc-Roussillon",25853
en,869846086940217344,"Alameda, CA",83805
en,3543356362,United Kingdom,83805
en,10695762,Northern Hemisphere! PNW!,83805
en,857800469023907840,"Anaheim, CA",83805
en,715032913365057536,,83805
en,719375446748504072,On the couch!,83805
en,441214858,Eppur si muove-Keith Law,83805
en,2313341894,,83805
en,757250499787751424,"Philadelphia, PA",83805
en,401090263,"Anchorage, AK",83805
en,522971547,,83805
en,830110145162178563,,83805
en,905232611978731520,United States,83805
fr,3069315311,,25853
en,1286905933,,83805
en,860422006646296577,Greater Vancouver,83805
en,728364449862668289,,83805
en,4584282501,"Chicago, IL",83805
en,4830107132,,83805
en,2866118052,,83805
en,919836145608949760,,83805
en,723251650174017536,UK,83805
en,4621879343,,83805
en,14164972,"Abilene, TX",83805
en,886717634,"Gaborone, Botswana",83805
en,700390666107543556,,83805
en,833891778579214339,PNW,83805
de,731046627432124416,"Berlin, Deutschland",1020
en,76713592,,83805
en,546069080,NYC,83805
en,3585988938,"Nevada City, CA",83805
en,772891119424331776,,83805
en,741102510,,83805
en,47366042,Around the world!,83805
en,17989329,"Land of a 1,000 Dances",83805
en,977660786,,83805
en,228791219,Australia,83805
en,826194857249026049,,83805
en,2305059230,"Allahabad, U.P.",83805
en,108061119,"Miami, Fl",83805
en,747199706070122500,,83805
en,836932197705723907,"Tustin, CA",83805
en,29999737,Bristol,83805
en,451883357,Montana,83805
en,616216236,Virginia,83805
en,473236960,"Renton, WA",83805
en,21712616,"Ohio, USA",83805
en,275261894,,83805
en,1639109928,"Sunflower, Alabama",83805
en,847113369182261249,,83805
en,49470899,"Pasadena, California",83805
en,3401756152,,83805
en,2836481040,"Apache Junction, AZ",83805
en,3383116294,Like Chickenman I'm everywhere,83805
en,842522846236573696,"Palo Alto, CA",83805
en,3635585898,,83805
fr,112970814,everywere...,25853
nl,184014559,"Noord-Holland, Amsterdam",1308
en-gb,2872455953,England,3807
en-gb,910456285757366272,"London, England",3807
en,805470750757056516,"Dubai, United Arab Emirates",83805
en,862518890374598656,,83805
en,780453536345849857,"Ottawa, Ontario",83805
en,10325642,NY,83805
en,1095874712,,83805
en,877338203056775169,"Darwin, Northern Territory",83805
en,230726194,Michigan,83805
en,2544088874,"London, England",83805
en,907301273266999299,,83805
en,237110655,Brisbane,83805
en,3327424237,"Washington, USA",83805
en,16475861,,83805
en,398095103,"Sheffield, UK",83805
en,47446743,"New York, USA",83805
en,368808963,Kyiv,83805
en,48079500,earth,83805
en,2827239973,"Texas, USA",83805
en,733513649826889733,"Washington, DC",83805
en,232906886,Netherlands,83805
en,326092855,Houston area,83805
en,3290508198,,83805
en,1449290017,,83805
en,726150346834337792,,83805
en,1270439359,,83805
en,3387727233,"London, England",83805
en,292679653,"Tustin, CA",83805
en,76713592,,83805
en,136362719,,83805
en,26238476,Straddling Hadrian's Wall,83805
de,227977955,Monchique/Algarve,1020
en,854792794984120321,,83805
fr,3447903267,,25853
fr,703315492673626112,"Ile-de-France, France",25853
en,454127373,"Charleston, South Carolina",83805
en,1252124690,,83805
en,4826677880,"Boise, Idaho, USA",83805
en,2177167210,Canada,83805
tr,916955953341370368,,1633
en,894761118484250625,,83805
en,751551474367291393,"Oregon, USA",83805
en,869584339138469889,"Washington, DC",83805
en,852858590427836416,"Accra, Ghana",83805
en,142109657,New Zealand,83805
en,740186171582582784,,83805
en,796848766334697472,"Myrtle Beach, SC",83805
en,34827038,,83805
es,367895161,,111420
en,54930331,"Belgium, Scotland, USA",83805
en,771585859996921857,The White House,83805
en,2866118052,,83805
en,3229496760,"Salem, OR",83805
en,3017703114,,83805
en,816343153,"Tuscaloosa, AL",83805
en,719375446748504072,On the couch!,83805
fr,2545369221,3M🖇,25853
en,2479234403,,83805
en,125596364,Cornwall UK,83805
en,2491710408,Canada,83805
en,365342398,"Phoenix, AZ",83805
en,1204575726,United States,83805
en,161664878,"Hove, East Sussex",83805
en,600226083,,83805
en,128844065,Candyland,83805
en,169126226,Calgary Alberta Canada,83805
en,630319799,"Moline, IL",83805
en,1421284267,"California, USA",83805
en,723368573775699969,Papua New Guinea,83805
en,709454961667661824,,83805
en,827550864793620480,Sweden,83805
en,4621879343,,83805
en,252428768,"Fortified Bunker, Iowa",83805
en,716171074904260608,"Warragul South, Victoria",83805
en,1286905933,,83805
en,329318863,DC,83805
en,257808156,oregon usa,83805
en,824833660855660544,,83805
en,526298403,"Adelaide, Australia",83805
en,4832460434,"Washington, USA",83805
en,705228193318318081,,83805
en,4184711712,"Riverside, CA",83805
en,3271771868,,83805
en,2684256864,UNIVERSE,83805
en,2959029462,,83805
en,823304170606395396,"Citrus Park, FL",83805
en,785300464820781056,"Rhode Island, USA",83805
en,614520814,,83805
en,905232611978731520,United States,83805
en,2978275647,,83805
en-gb,2894786789,"Liverpool, England",3807
en,915512872226230277,"Geneseo, IL",83805
en,564861472,Here,83805
it,874033429,World,2038
en,247301931,"Dahab, South Sinai, Egypt",83805
en,715474256889384960,New York City SI,83805
en,143663678,,83805
en,1449290017,,83805
en,841688429154906113,,83805
fi,2745959713,Suomi,279
en,838220095923109888,the wilderness,83805
en,718483844261806080,,83805
en,882481619021348865,,83805
en,23086574,"Florida, USA",83805
en,329318863,DC,83805
en,3279003277,"Texas, USA",83805
en,72305761,inverness,83805
en,53995533,"South Carolina, USA",83805
en,2834328023,"Behind enemy lines, Mayo lines",83805
en,17228856,Rural,83805
en-gb,278621639,London,3807
en,115432090,Memphis | Tempe,83805
en,193071149,Norfolk,83805
en,2747654143,#RochesterNewYork,83805
es,24952459,"Santiago, Chile",111420
ru,238080747,,172
en,31056307,"Planet Earth, Milky Way",83805
en,184184701,(Almost independent) Scotland.,83805
en,761448286406385664,,83805
en,377796715,Austin TX USA,83805
en,364312931,"Glasgow, Scotland",83805
en,1898398482,,83805
en,2766163443,"Dinnington, England",83805
en,16514511,Virtual worlds,83805
en,818224631224107008,Wet coast,83805
nl,3036365567,,1308
en,794399284225392640,,83805
en,786593428595412996,France,83805
en,803885588,"Spokane, WA",83805
en,786593428595412996,France,83805
en,785855476068212738,,83805
en,887522400975368196,United States,83805
es,1453432927,"La vagina de tu novia, Ecuador",111420
en,16686144,"NYC, London, Paris, Hong Kong",83805
en-gb,2512085575,Interfina House  (Mezz Floor ),3807
en,388260692,london,83805
en,271402384,Gods own Country Yorkshire.,83805
en,96793211,,83805
en,1360953301,News That Really Matters!,83805
en,36413526,Shanghai,83805
en,850326597806587906,,83805
en,702244455529709569,,83805
en,169054291,Panama,83805
en,1326569641,New Delhi - Kolkata,83805
tr,776190697862995968,,1633
en,23122074,Taunton,83805
en,335339326,"Los Angeles, CA",83805
es,2472666014,las palmas,111420
en,14293310,,83805
it,167014241,milano,2038
en,2450805341,uk,83805
en,2954843015,"Newport News, Va",83805
fr,968700594,,25853
en,421994428,,83805
en,2450460074,,83805
en,116157545,Brighton UK,83805
en,138817043,"Alabama, USA",83805
en-gb,745952618493665280,London / Texas,3807
es,2765658385,"Puebla, México",111420
en,983757950,FUCK CR,83805
en,784725688091746304,,83805
en,55155032,,83805
es,28096651,"San Salvador, El Salvador",111420
en,852392273157476352,,83805
en,780685446913269760,Italy,83805
en,17609723,,83805
en,2373735295,,83805
en,19678842,"aiken, sc",83805
fr,829724108,"Gard, Languedoc-Roussillon",25853
en,3236218886,USA,83805
en,425967054,United Kingdom,83805
en,882481619021348865,,83805
en,847899028826144768,,83805
en,40173650,RT's Are FYI Purposes Only,83805
en,20854891,The Cube of Doom,83805
en,36519979,Phoenix Az,83805
en,887469369860730880,cd /,83805
en,3955586356,,83805
en,2577499730,Canada,83805
en,4319456714,,83805
fr,2972768459,Centre parfois:gauche/droite😜,25853
en,280082481,"Newfoundland and Labrador, Can",83805
en,832051767928090624,,83805
en-GB,3902306740,"East Midlands, England",737
en,40173650,RT's Are FYI Purposes Only,83805
en,401638876,,83805
en,32972397,"Olympia, WA",83805
en,37811942,,83805
en,787760293636104192,"Los Angeles, CA",83805
en,2941365709,Atlanta,83805
en,33810390,,83805
en,785855476068212738,,83805
en,40173650,RT's Are FYI Purposes Only,83805
da,1258767608,,2275
es,2690281202,Atlanta,111420
en,421994428,,83805
en,870639979218829312,"Bethesda, MD",83805
en,23085284,"Portland, Maine",83805
en,34755143,The Space City,83805
en,251294222,United States,83805
en,3311513978,"Mumbai, India",83805
en,17588185,"California, USA",83805
en,51117589,"Bengaluru, Karnataka",83805
en,818146228210900993,"Accra, Ghana",83805
en,34827038,,83805
en,269175938,Washington D.C,83805
en,2067661,"Cincinnati, Ohio, USA",83805
en,540911255,London,83805
en,3258594861,Pa,83805
en,358109775,Desh badal raha hai,83805
en,779411189101129729,who knows,83805
en-gb,3408519333,"Scotland, United Kingdom",3807
en,723368573775699969,Papua New Guinea,83805
en,301212396,Arizona,83805
en,2160518682,"London, England",83805
en,818570656518438918,United States,83805
en,892206339002216448,"Oakland, CA",83805
en,314676814,East Coast 🎃👻🍁🎃👻🍂,83805
en,600588172,🍮,83805
en,829406341831786502,,83805
en,734566742052200449,"Anaheim, CA",83805
en,799073330032611328,,83805
en,1427199624,"Dallas, TX",83805
en,824430755862437890,USA,83805
en,736291017444429824,,83805
en,770973506695630849,,83805
nl,16111689,"Leuven, Brabant, Belgium",1308
en,3340102054,"London, England",83805
en,522459690,Lil Beirut / Southern Cascadia,83805
en,2741373457,Through the Rain,83805
en,1928626314,"Washington, USA",83805
en,917331339950428160,Malaysia,83805
fr,829724108,"Gard, Languedoc-Roussillon",25853
en,385070979,Tamworth,83805
en,210645138,Texas lady with Abba Father,83805
en,4860394491,"Inside My Head, Always",83805
en,1052264472,"TRUMP WORLD TOWERS,NYC,USA🇺🇸",83805
en,795885534690373632,North Carolina,83805
en,875853515821862912,TEXAS,83805
en,1573191368,,83805
en,863087067542286336,United States,83805
en,3376927462,,83805
en,3260996819,,83805
fr,397916391,Amiens,25853
en,755866213411094532,,83805
en,461630034,Beaver UT,83805
en-gb,788829878191882240,"Liverpool, England",3807
en,47224036,"San Francisco, CA",83805
en,736992461868830720,,83805
en,247301931,"Dahab, South Sinai, Egypt",83805
en,964596644,,83805
en,3401756152,,83805
en,23293124,"California, Colorado, Calabria",83805
en,15139384,"iPhone: 34.219685,-118.842003",83805
en,29612368,Cloud 9,83805
en,429957647,Karachi,83805
en,2417257886,Hong Kong,83805
en,600226083,,83805
en,776093566514843648,,83805
en,1109468498,,83805
en,847899028826144768,,83805
hr,890618924907102211,"Bogotá, D.C., Colombia",21
en,618445240,DarkRoom of Ms. Jones,83805
en-gb,763685095844765696,"London, England",3807
en,719375446748504072,On the couch!,83805
en,859511518475370497,"Vancouver, British Columbia",83805
de,227977955,Monchique/Algarve,1020
en,83617835,SoCal,83805
en,127537805,Buffalo NY,83805
en,106937647,PhD.,83805
en,347601335,Applebees,83805
en,63423805,,83805
en,825521212256194561,"California, USA",83805
en,407281235,Vienna,83805
en,797154187905761280,,83805
en,1286905933,,83805
nl,2999625735,Hilversum,1308
en,198350602,"Auckland, New Zealand",83805
en,2715563643,"Atlanta, GA",83805
en,823866286753148928,,83805
en,929628361,,83805
en,815786525501878272,"Maryland, USA",83805
en,3236218886,USA,83805
en,730234355738517504,,83805
en,125646835,I am in my happy place,83805
en,326092855,Houston area,83805
en,401638876,,83805
en,1218866012,Tampa Florida,83805
en-gb,823568671796641792,,3807
en,119252795,"Pasadena, CA",83805
en,3165342239,,83805
en,328440716,,83805
en,145648706,"London, England",83805
en,16973333,London,83805
en,1511976456,,83805
en,231953370,where i'm is.,83805
es,773113010,ig: coexara,111420
en,1560399391,,83805
en,15901107,,83805
en,2914166270,HAWAII,83805
en,876935052139036672,"North Carolina, USA",83805
en,54930331,"Belgium, Scotland, USA",83805
en,797154187905761280,,83805
en,16514511,Virtual worlds,83805
en,4304666474,United States,83805
en,401090263,"Anchorage, AK",83805
tr,556583101,,1633
en,3020317105,,83805
en,2728570125,,83805
en,850762303599456256,"Edinburgh, Scotland",83805
en,813305048,"Oakland, CA",83805
en,2908126103,"Connecticut, USA",83805
en,2725846373,,83805
en,20044326,London,83805
en,3015858218,,83805
en,2771437449,"Arizona, USA",83805
en,2231154998,USA © ALL RIGHTS RESERVED,83805
en,913619981623074816,"Washington, DC",83805
en,803885588,"Spokane, WA",83805
en,2411378105,"yo buttcrack, texas",83805
en,426185057,"alexandria,virgina",83805
en,2381909720,,83805
en,497495543,"Phoenix, AZ",83805
en,720090731973619713,"Pittsburgh, PA - USA",83805
fr,2796332422,,25853
en,713874198439923712,"Florida, USA",83805
en,891027435038408704,Wirral,83805
en,27806411,,83805
en,707980276228595712,Worldwide,83805
en,1867967047,,83805
en,2307296066,,83805
en,615546626,"Sterling, VA",83805
en,847899028826144768,,83805
en,758516694180438017,,83805
en,849089951870439429,"Pennsylvania, USA",83805
it,59746019,,2038
en,412627022,Closer than you think,83805
en,1908729996,"Edmonton, Alberta, CANADA!",83805
en,3404856688,,83805
en,88219831,Australia,83805
en-gb,801388682561339392,"Brussels, Belgium",3807
en,47224036,"San Francisco, CA",83805
en,804529508527251457,United States,83805
en,583663235,In The Whirlwind,83805
en,335096977,New York,83805
en,3038748640,,83805
en,977660786,,83805
en,17545469,"San Diego, CA",83805
en-gb,2790442199,Britain,3807
fr,204010235,France,25853
en,765387777508724736,at YOUR heart ❤,83805
en,14792167,"OC (near Coast), CA, USA",83805
en,16600434,Galway,83805
en,1109468498,,83805
en,17141761,"Phoenix,AZ",83805
en,314676814,East Coast 🎃👻🍁🎃👻🍂,83805
en-gb,893253325247967233,,3807
en,326092855,Houston area,83805
en,3227118874,Yorkshire and The Humber,83805
en,291160914,United States of America,83805
en,357267251,,83805
en,1229641040,NIGERIA,83805
en,3188053392,,83805
de,3082100407,Schland,1020
en,914465392424136705,"Huskiesville, Washington State",83805
