id,location
747811890991087617,Afrique
747811890991087617,Afrique
24621370,Prisoner of thought
1332398161,
14424667,L.A. all day
3864138205,United States
2716028982,
17492639,California and France
827645780756426752,"Bad Dürkheim, Rheinland-Pfalz"
2275834219,"Dubai, United Arab Emirates"
2716028982,
1620010466,"Beautiful Vancouver, Canada"
3352666283,"Orlando, FL"
2716028982,
46125484,United States of America
1136684586,
3677632163,Slough-Near-Upon-Thames
274896986,Tokyo
491508078,Staffordshire UK
238677979,"San Diego, CA"
849653058690842624,"San Francisco, Venezuela"
402335158,United States
2716028982,
245688940,
28064611,"Tucson, AZ"
900091224387932160,"Distrito Capital, Venezuela"
98377574,"England, United Kingdom"
758199902023266304,
464572224,
909873683652636677,United States
433558781,London
281965254,Boston
342881881,Questioning Authority
2252433388,
901189601263472640,"San Francisco, CA"
1229007625,"Chico, CA"
2978651261,
2611863050,Leeds
17141761,"Phoenix,AZ"
3266423425,
843718836,Horbury
842823688273694720,
449314153,International
208051613,"Lahore, Pakistan."
155570733,"Zulia, Venezuela"
461630034,Beaver UT
470232484,"Guildford, Surrey"
798543895302905856,
3951026057,
1620010466,"Beautiful Vancouver, Canada"
849649493696020484,"San Francisco, Venezuela"
17709117,South West England
878447723380453383,"Missouri, USA"
155570733,"Zulia, Venezuela"
849661275433050112,"San Francisco, Venezuela"
3852497896,South Africa
58869220,
820371349692616704,"San Francisco, Venezuela"
365342398,"Phoenix, AZ"
250111072,"Zuid-Holland, Nederland"
786764389,Dystopia
774939947539263488,
54743209,United States
201696525,Venezuela
721622372,United States
527727392,
366700152,Bedford/Brixton
1335947582,
628979942,Western United States
739118222,
1911141223,221B Baker Street
917729023282757632,"California, USA"
48134156,
879488268,"Perth, Western Australia"
3352666283,"Orlando, FL"
977643673,
1370181536,
261863668,somewhere in the middle
76641566,Caracas - Venezuela
93134894,
898307258794246144,
160399704,NYC/Chicago/Wisconsin
200264881,
821405210199412736,Somewhere Out There 👓
2201016251,United States
525595860,Top of the World
3426534239,
16514511,Virtual worlds
1052797081,
357525876,"New Orleans, La"
49470899,"Pasadena, California"
357747160,
316331833,
729402599712169984,
1620010466,"Beautiful Vancouver, Canada"
1898398482,
878447723380453383,"Missouri, USA"
149832466,"Earth, Sol System, Via Lactea"
93587591,"Europe, mostly"
811114674687250432,
17912290,Amsterdam
17159211,London
15002660,Brexit Buggered Blighty
64975185,"Taipei, Taiwan"
600226083,
4826677880,"Boise, Idaho, USA"
151295439,I live in paradise.
737632452,"Vale of Glamorgan, Wales"
3041814392,"Toronto, Ontario"
69984210,Ireland
496362263,"Lahore, Pakistan"
4584282501,"Chicago, IL"
161166011,Home in SE Nevada
58869220,
891720099480121344,Switzerland
76999647,Los Angeles
28725143,Australia
822568250227785728,
3271771868,
746939863547641857,United States
182294790,"Barcelona, Spain"
3383116294,Like Chickenman I'm everywhere
964036711,
615134164,"Estes Park, CO"
877005110982828032,
874313195007217664,Nigeria
877006003157442562,
403126710,
20760246,
19678842,"aiken, sc"
165567788,California
16138770,Two Minutes To Belgium
452726660,New Jersey
4872729485,NYC
2846035024,
806596587971629056,
1545053600,
914899305198002176,Kaliefornia.
795885534690373632,North Carolina
379814730,
2698944006,"Minnesota, USA"
3404381668,
926360826,
25671830,"Dallas, TX"
420358585,"Bengaluru, India"
804345530478448640,"Nottingham, England"
894809653275656192,
19785093,"London, England"
252510049,
3303150538,
177343856,"Glasgow, Scotland"
826194857249026049,
536042516,"California, USA"
132970227,NYC
329841122,
800702200473210880,
833741437464309764,
14365762,Politics4All HQ
1026477853,ANTI-TRUMP
119252795,"Pasadena, CA"
811800377121239044,Kudüs Filistin
74149816,Canada
14365762,Politics4All HQ
711325643938594816,
2202214488,London
14365762,Politics4All HQ
711678246270533632,LAKE TAHOE
3902306740,"East Midlands, England"
192308563,
154509256,London
874897506,"California, USA"
47224036,"San Francisco, CA"
14365762,Politics4All HQ
726150346834337792,
172662602,Sydney
3007775279,Cornwall/Oxford
755866213411094532,
2224599691,NL
225253030,
1321779175,No idea. I think I'm lost
474876434,London
33220691,New York & London
779533280320163845,"Los Angeles, CA"
15174432,Asgard
349666640,Islamic Republic of Iran
1466338231,united states
741444668928458752,Earth
891768958365446145,Dünya/Evren
365175985,Londres
51062062,"Manchester, United Kingdom."
1896349093,
260099048,"Memphis,  TN"
29105241,wait on it
2275834219,"Dubai, United Arab Emirates"
27506252,Dubai
2683471818,
114685537,
806301347905732608,
614916825,KCMO
74715952,NYC
795885534690373632,North Carolina
898774726474158080,
205649776,"Sydney, Australia"
572965711,Western NY
23075927,"Wheatland, WY"
829427709683986432,#25thAmendmentNow
3590614516,"Boise, Idaho"
20158199,Leeds
710007608288133120,United States
45333453,Alabama
257808156,oregon usa
34827038,
893544697834086401,
3404702008,"Pennsylvania, USA"
24652003,
1335947582,
236020139,
714845873084170240,Belfast Northern Ireland
3041814392,"Toronto, Ontario"
102102479,
94305172,
1898398482,
247301931,"Dahab, South Sinai, Egypt"
2156917703,Peshawar (KpK) Pakistan
778711561800065025,
839542094624518144,San Diego CA (6/16/15)
711325643938594816,
778711561800065025,
15473639,Everywhere
2400260346,
130934748,The conundrum that is Iowa.
863461897,
15051600,"Detroit, MI"
2652653128,
3119845417,
2409498410,michigander my whole life
15883527,
860422006646296577,Greater Vancouver
726150346834337792,
450888799,"Tucson, AZ"
778711561800065025,
2882391828,
615787633,Illinois
815786525501878272,"Maryland, USA"
57448205,Jakarta
778711561800065025,
729385700869611520,Small planet near weak star.
911732384,ULM
2941365709,Atlanta
2690281202,Atlanta
69984210,Ireland
21207671,"Northern Morroco, USA."
1318619480,Japan
228791219,Australia
870065520825036802,"Sherwood, AR"
210645138,Texas lady with Abba Father
796956123123347456,What Century Is This USA
23075927,"Wheatland, WY"
74998364,"Seattle, WA"
2757754571,
2275834219,"Dubai, United Arab Emirates"
1072063873,Devant mon PC
780453536345849857,"Ottawa, Ontario"
2305059230,"Allahabad, U.P."
786764389,Dystopia
4190307435,
1862901781,
842480461825892356,Heart is in Rojava and Bashur. Spirit is in Armenia and Ethiopia.
264384712,Stockholm
854156495474352128,"Lara, Venezuela"
30119049,
3207779679,"Llandudno, Conwy, Wales"
2588323809,
480138516,
90519221,LA/LONDON
709495793825292288,
438146224,98106
2450805341,uk
73648967,"New Delhi, India"
3345018825,
2312444628,Loin/Far Away
348545413,
2797986405,"Carlow, Ireland"
757998745724162048,
2747654143,#RochesterNewYork
66042463,"Somewhere, some place"
107087730,"Maryland, USA"
25054029,Development Hell
524776832,UK  Liverpool  Sefton Park
140753841,"Karachi, Pakistan"
419081441,"New York, USA"
2807010077,USA
48663164,"London, Tunis,"
2474497428,
23746494,
2427168679,
1239398264,
2548363814,⭐️⭐️ that bitch ⭐️⭐️
477252840,
739121224941342721,
760098215702110208,"Charleston, SC"
496190214,"Southfield, Michigan"
292391727,Wv.
173648366,"Music City, USA"
905597444922023937,Beaumont CA
600947151,London
116916684,"Texas, USA"
15974600,"Yellow Springs, OH"
2891994706,"Denver, CO"
251490236,"Vallejo, CA"
717655207371481089,"Sheffield, England"
14495675,Leaning against a wall
49470899,"Pasadena, California"
2683471818,
363172776,
826194857249026049,
836742870941868033,World Wide News'vangalists
797154187905761280,
17913670,"Bend, OR"
204473477,The Perihelion
841688429154906113,
243430489,301 STONEDWOOD
115663436,The Great State of New York
916042678470557696,"Satnali, India"
101817931,"Dijon, Salives, Côte-d'Or"
438146224,98106
711245050441637888,
337406543,Los Angeles
977660786,
788172567228088320,"Hogar y Redención, CDMX"
926185416,
20905495,
2732863449,
824943784781832192,"Dublin, Ireland"
715474256889384960,New York City SI
76288053,"Gaillac, France"
20661344,"Scottsdale, Arizona"
906037761689346048,"Mumbai, India"
1726098164,Falkirk
261307929,
2300158004,
821626750769754113,
34827038,
733618182817112064,"Gujarat, India"
14164972,"Abilene, TX"
866768502,
90519221,LA/LONDON
778711561800065025,
2925401263,
757548268519772161,
2863487811,
196985412,California
2767591421,Worldwide
895893776727773185,
886203230258114561,Northeastern United States
422738750,lagos
1620010466,"Beautiful Vancouver, Canada"
2161036068,london
391424411,germany
823956989852012544,"California, USA"
336346706,
2359180352,
4826677880,"Boise, Idaho, USA"
1147554114,St Gilles Croix de Vie
492507438,
723541641345273857,"Newcastle Upon Tyne, England"
120915270,
57991835,
823302473838448640,"Lisboa, Portugal"
20905495,
29106490,everywhere
40998660,Veracruz Mexico
743323123869614080,"Washington, USA"
253628603,221B Baker St
199218350,"Mumbai, India"
748465336408772608,Houston
877027304249098240,
825468806118178816,Trumplandia
501074158,
4054643129,
1620010466,"Beautiful Vancouver, Canada"
2514475647,
2492659458,"Boston, MA"
2877781091,
770318310,"Kailua, HI"
36519979,Phoenix Az
1278896407,
733028342975344640,"Samsun, Türkiye"
464303706,"Calabasas, CA"
149167987,
59029942,United States
2959403265,
408230394,
2829615975,
714789546831908864,"Texas, USA"
734892227411873792,"Missouri, USA"
33810390,
32970306,
889862874616578049,"Charlotte, NC"
2202152632,"Liverpool, England"
2473825934,"Henderson, NV"
3672676237,North Avenue New Delhi India
1420702998,Atlantis
734892227411873792,"Missouri, USA"
75596818,Henderson KY
826194857249026049,
474994622,MS
750868791752593408,
734892227411873792,"Missouri, USA"
1166023872,America
2300158004,
21713409,Bristol/London/Ireland
2925401263,
2780806328,lbc
812885363874234368,
817979601653735424,
1239398264,
117652275,
630319799,"Moline, IL"
838087780261642242,
207741450,Eagle River Alaska
35065199,Our own little GREY GARDENS
833439300322734080,
19938133,UK
16700221,"Chicago, IL"
762174736566583296,"Kentucky, USA"
1433548123,Heartland & Southland
3498448812,#YoungDemocratsForTrump
271459406,Singapore
877017665847603200,"Kirkland, WA"
567813201,"Palm Desert, CA"
439267102,
4063882515,
581322995,
744412608413995008,
888384683272261633,"Detroit, MI"
754877230120132608,
1448517475,REİS'İN YANI
322728724,"Clinton Township, Mi"
14620883,
14897310,Melbourne Australia
119110361,east blue
126115852,
2858773094,"Brookings, SD"
719375446748504072,On the couch!
759300383810301953,India
828183702354042880,United States
17825554,United States of America
722701984160182272,
20905495,
131419809,"Lagos, Nigeria."
576544629,bby girl's veins
877009697538064384,
856814839603372037,
3805068732,
1572139472,
76713592,
2148456509,
882481619021348865,
877011751576797184,
850326597806587906,
79770936,Toronto
19098937,"Saint Paul, MN"
438016587,"Charlotte, North Carolina"
3646140073,"Phoenix, AZ"
280243372,Boston
2473825934,"Henderson, NV"
2478510529,
14262317,"Torrance, CA"
2277542109,Great Britain
3383116294,Like Chickenman I'm everywhere
401090263,"Anchorage, AK"
1657715816,Either in bed or at the fridge
2182270281,Levallois-Perret // Paris
268682395,SF
3401756152,
2999052404,
825468806118178816,Trumplandia
3723984135,Palmer Ak
824723306,contact:ashyprophet@gmail.com
59029942,United States
336346706,
826194857249026049,
830110145162178563,
3404702008,"Pennsylvania, USA"
96067046,Greater Charlotte Area
26168536,USA
763535755545284608,USA
326092855,Houston area
67297220,America
738273474322403329,"Melbourne, Victoria"
1621868402,#TCOT #PJNET #Patriot #2A #SOT
2795845032,"Glasgow, UK"
2970518715,"Lagos, Nigeria"
836472721840164866,"Albuquerque, NM"
700781136591585280,
905232611978731520,United States
2903132871,Reality
136362719,
53269253,
617163751,"Atlanta,Georgia"
251294222,United States
452718188,Seattle
62236036,Everywhere
2172864360,Blue Mountains
1113774037,
2970518715,"Lagos, Nigeria"
843982667423141888,"Wisconsin, USA"
2773673031,"Hopkinton, NH."
129614289,yellowstone national park
826194857249026049,
130668639,"Melbourne, Australia"
206003431,
4056983819,America First
2970518715,"Lagos, Nigeria"
22827011,greatest city in the universe
560817896,"Tennessee, USA"
3383116294,Like Chickenman I'm everywhere
288659231,Tokyo's Tsukiji district
555333217,New York City
2215736377,
125744394,
476362224,Missouri
630319799,"Moline, IL"
2970518715,"Lagos, Nigeria"
871172279274569729,America
715474256889384960,New York City SI
26792503,Florida
818819900281999360,山口とか言う所でカービィと暮らしてます
251294222,United States
874378350382522369,Pátria do Evangelho
188525211,
1560399391,
329318863,DC
14164972,"Abilene, TX"
2448311839,Right Beside You
869111488388022272,🔯🇮🇱Israel🇮🇱🕎
3929552902,Türkiye
2712877389,
340545072,present
36519979,Phoenix Az
340545072,present
340545072,present
743198636801146881,"Las Vegas, NV"
890953101770973184,wherever the story takes me.
738594621010251782,"Lima, Peru"
755244126279315462,
829724108,"Gard, Languedoc-Roussillon"
869846086940217344,"Alameda, CA"
3543356362,United Kingdom
10695762,Northern Hemisphere! PNW!
857800469023907840,"Anaheim, CA"
715032913365057536,
719375446748504072,On the couch!
441214858,Eppur si muove-Keith Law
2313341894,
757250499787751424,"Philadelphia, PA"
401090263,"Anchorage, AK"
522971547,
830110145162178563,
905232611978731520,United States
1286905933,
860422006646296577,Greater Vancouver
728364449862668289,
4584282501,"Chicago, IL"
4830107132,
2866118052,
723251650174017536,UK
4621879343,
14164972,"Abilene, TX"
886717634,"Gaborone, Botswana"
700390666107543556,
833891778579214339,PNW
731046627432124416,"Berlin, Deutschland"
76713592,
546069080,NYC
3585988938,"Nevada City, CA"
772891119424331776,
741102510,
47366042,Around the world!
17989329,"Land of a 1,000 Dances"
977660786,
228791219,Australia
826194857249026049,
2305059230,"Allahabad, U.P."
108061119,"Miami, Fl"
747199706070122500,
836932197705723907,"Tustin, CA"
29999737,Bristol
451883357,Montana
616216236,Virginia
473236960,"Renton, WA"
21712616,"Ohio, USA"
275261894,
1639109928,"Sunflower, Alabama"
49470899,"Pasadena, California"
3401756152,
2836481040,"Apache Junction, AZ"
3383116294,Like Chickenman I'm everywhere
842522846236573696,"Palo Alto, CA"
3635585898,
112970814,everywere...
184014559,"Noord-Holland, Amsterdam"
2872455953,England
805470750757056516,"Dubai, United Arab Emirates"
780453536345849857,"Ottawa, Ontario"
10325642,NY
1095874712,
877338203056775169,"Darwin, Northern Territory"
230726194,Michigan
2544088874,"London, England"
907301273266999299,
237110655,Brisbane
3327424237,"Washington, USA"
16475861,
398095103,"Sheffield, UK"
47446743,"New York, USA"
368808963,Kyiv
48079500,earth
2827239973,"Texas, USA"
733513649826889733,"Washington, DC"
232906886,Netherlands
326092855,Houston area
3290508198,
1449290017,
726150346834337792,
1270439359,
3387727233,"London, England"
292679653,"Tustin, CA"
76713592,
136362719,
26238476,Straddling Hadrian's Wall
227977955,Monchique/Algarve
854792794984120321,
3447903267,
703315492673626112,"Ile-de-France, France"
454127373,"Charleston, South Carolina"
1252124690,
4826677880,"Boise, Idaho, USA"
2177167210,Canada
916955953341370368,
751551474367291393,"Oregon, USA"
869584339138469889,"Washington, DC"
852858590427836416,"Accra, Ghana"
142109657,New Zealand
740186171582582784,
796848766334697472,"Myrtle Beach, SC"
34827038,
367895161,
54930331,"Belgium, Scotland, USA"
771585859996921857,The White House
2866118052,
3229496760,"Salem, OR"
3017703114,
816343153,"Tuscaloosa, AL"
719375446748504072,On the couch!
2545369221,3M🖇
2479234403,
125596364,Cornwall UK
2491710408,Canada
365342398,"Phoenix, AZ"
1204575726,United States
161664878,"Hove, East Sussex"
600226083,
128844065,Candyland
169126226,Calgary Alberta Canada
630319799,"Moline, IL"
1421284267,"California, USA"
723368573775699969,Papua New Guinea
709454961667661824,
827550864793620480,Sweden
4621879343,
252428768,"Fortified Bunker, Iowa"
716171074904260608,"Warragul South, Victoria"
1286905933,
329318863,DC
257808156,oregon usa
824833660855660544,
526298403,"Adelaide, Australia"
4832460434,"Washington, USA"
705228193318318081,
3271771868,
2684256864,UNIVERSE
2959029462,
823304170606395396,"Citrus Park, FL"
785300464820781056,"Rhode Island, USA"
614520814,
905232611978731520,United States
2978275647,
2894786789,"Liverpool, England"
564861472,Here
874033429,World
247301931,"Dahab, South Sinai, Egypt"
715474256889384960,New York City SI
143663678,
1449290017,
841688429154906113,
2745959713,Suomi
838220095923109888,the wilderness
718483844261806080,
882481619021348865,
23086574,"Florida, USA"
329318863,DC
3279003277,"Texas, USA"
72305761,inverness
53995533,"South Carolina, USA"
17228856,Rural
278621639,London
115432090,Memphis | Tempe
193071149,Norfolk
2747654143,#RochesterNewYork
24952459,"Santiago, Chile"
238080747,
31056307,"Planet Earth, Milky Way"
184184701,(Almost independent) Scotland.
761448286406385664,
377796715,Austin TX USA
364312931,"Glasgow, Scotland"
1898398482,
2766163443,"Dinnington, England"
16514511,Virtual worlds
818224631224107008,Wet coast
3036365567,
794399284225392640,
803885588,"Spokane, WA"
785855476068212738,
887522400975368196,United States
1453432927,"La vagina de tu novia, Ecuador"
16686144,"NYC, London, Paris, Hong Kong"
2512085575,Interfina House  (Mezz Floor )
388260692,london
271402384,Gods own Country Yorkshire.
96793211,
1360953301,News That Really Matters!
36413526,Shanghai
850326597806587906,
702244455529709569,
169054291,Panama
1326569641,New Delhi - Kolkata
23122074,Taunton
335339326,"Los Angeles, CA"
2472666014,las palmas
14293310,
167014241,milano
2450805341,uk
2954843015,"Newport News, Va"
968700594,
421994428,
2450460074,
116157545,Brighton UK
138817043,"Alabama, USA"
745952618493665280,London / Texas
2765658385,"Puebla, México"
983757950,FUCK CR
784725688091746304,
55155032,
28096651,"San Salvador, El Salvador"
852392273157476352,
780685446913269760,Italy
17609723,
2373735295,
19678842,"aiken, sc"
829724108,"Gard, Languedoc-Roussillon"
3236218886,USA
425967054,United Kingdom
882481619021348865,
847899028826144768,
40173650,RT's Are FYI Purposes Only
20854891,The Cube of Doom
36519979,Phoenix Az
887469369860730880,cd /
3955586356,
2577499730,Canada
4319456714,
2972768459,Centre parfois:gauche/droite😜
280082481,"Newfoundland and Labrador, Can"
832051767928090624,
3902306740,"East Midlands, England"
40173650,RT's Are FYI Purposes Only
401638876,
32972397,"Olympia, WA"
37811942,
2941365709,Atlanta
33810390,
785855476068212738,
40173650,RT's Are FYI Purposes Only
1258767608,
2690281202,Atlanta
421994428,
870639979218829312,"Bethesda, MD"
23085284,"Portland, Maine"
34755143,The Space City
251294222,United States
3311513978,"Mumbai, India"
17588185,"California, USA"
51117589,"Bengaluru, Karnataka"
818146228210900993,"Accra, Ghana"
34827038,
269175938,Washington D.C
2067661,"Cincinnati, Ohio, USA"
540911255,London
3258594861,Pa
358109775,Desh badal raha hai
779411189101129729,who knows
3408519333,"Scotland, United Kingdom"
723368573775699969,Papua New Guinea
301212396,Arizona
2160518682,"London, England"
818570656518438918,United States
892206339002216448,"Oakland, CA"
314676814,East Coast 🎃👻🍁🎃👻🍂
600588172,🍮
829406341831786502,
734566742052200449,"Anaheim, CA"
799073330032611328,
1427199624,"Dallas, TX"
824430755862437890,USA
736291017444429824,
770973506695630849,
16111689,"Leuven, Brabant, Belgium"
3340102054,"London, England"
522459690,Lil Beirut / Southern Cascadia
2741373457,Through the Rain
1928626314,"Washington, USA"
829724108,"Gard, Languedoc-Roussillon"
385070979,Tamworth
210645138,Texas lady with Abba Father
4860394491,"Inside My Head, Always"
1052264472,"TRUMP WORLD TOWERS,NYC,USA🇺🇸"
795885534690373632,North Carolina
875853515821862912,TEXAS
1573191368,
863087067542286336,United States
3376927462,
3260996819,
397916391,Amiens
755866213411094532,
461630034,Beaver UT
788829878191882240,"Liverpool, England"
47224036,"San Francisco, CA"
247301931,"Dahab, South Sinai, Egypt"
964596644,
3401756152,
23293124,"California, Colorado, Calabria"
15139384,"iPhone: 34.219685,-118.842003"
29612368,Cloud 9
429957647,Karachi
2417257886,Hong Kong
600226083,
776093566514843648,
1109468498,
847899028826144768,
890618924907102211,"Bogotá, D.C., Colombia"
618445240,DarkRoom of Ms. Jones
763685095844765696,"London, England"
719375446748504072,On the couch!
859511518475370497,"Vancouver, British Columbia"
227977955,Monchique/Algarve
83617835,SoCal
127537805,Buffalo NY
106937647,PhD.
347601335,Applebees
63423805,
825521212256194561,"California, USA"
407281235,Vienna
797154187905761280,
1286905933,
2999625735,Hilversum
198350602,"Auckland, New Zealand"
2715563643,"Atlanta, GA"
823866286753148928,
929628361,
815786525501878272,"Maryland, USA"
3236218886,USA
730234355738517504,
125646835,I am in my happy place
326092855,Houston area
401638876,
1218866012,Tampa Florida
823568671796641792,
119252795,"Pasadena, CA"
3165342239,
328440716,
145648706,"London, England"
16973333,London
1511976456,
231953370,where i'm is.
773113010,ig: coexara
1560399391,
15901107,
2914166270,HAWAII
876935052139036672,"North Carolina, USA"
54930331,"Belgium, Scotland, USA"
797154187905761280,
16514511,Virtual worlds
4304666474,United States
401090263,"Anchorage, AK"
556583101,
3020317105,
2728570125,
850762303599456256,"Edinburgh, Scotland"
813305048,"Oakland, CA"
2908126103,"Connecticut, USA"
2725846373,
20044326,London
3015858218,
2771437449,"Arizona, USA"
2231154998,USA © ALL RIGHTS RESERVED
913619981623074816,"Washington, DC"
803885588,"Spokane, WA"
2411378105,"yo buttcrack, texas"
426185057,"alexandria,virgina"
2381909720,
497495543,"Phoenix, AZ"
720090731973619713,"Pittsburgh, PA - USA"
2796332422,
713874198439923712,"Florida, USA"
891027435038408704,Wirral
27806411,
707980276228595712,Worldwide
1867967047,
2307296066,
615546626,"Sterling, VA"
847899028826144768,
758516694180438017,
849089951870439429,"Pennsylvania, USA"
59746019,
412627022,Closer than you think
1908729996,"Edmonton, Alberta, CANADA!"
3404856688,
88219831,Australia
801388682561339392,"Brussels, Belgium"
47224036,"San Francisco, CA"
804529508527251457,United States
583663235,In The Whirlwind
335096977,New York
3038748640,
977660786,
17545469,"San Diego, CA"
2790442199,Britain
204010235,France
765387777508724736,at YOUR heart ❤
14792167,"OC (near Coast), CA, USA"
16600434,Galway
1109468498,
17141761,"Phoenix,AZ"
314676814,East Coast 🎃👻🍁🎃👻🍂
893253325247967233,
326092855,Houston area
3227118874,Yorkshire and The Humber
291160914,United States of America
357267251,
1229641040,NIGERIA
3188053392,
3082100407,Schland
914465392424136705,"Huskiesville, Washington State"
