time_zone,avg(user.friends_count AS `friends_count`)
Hawaii,897.0
Casablanca,616.0
Cairo,255.5
Wellington,861.0
Lima,265.0
Central Time (US & Canada),3009.6949152542375
Edinburgh,166.0
Singapore,290.0
Tallinn,479.0
Jakarta,393.5
Adelaide,466.0
America/Chicago,6079.0
Beijing,3527.0
Bern,252.0
Lisbon,311.0
America/Detroit,1294.0
America/Los_Angeles,564.0
Auckland,2474.0
Baghdad,688.0
Belgrade,66484.0
Caracas,117.6
Chennai,727.0
Dublin,181.46666666666667
Quito,973.8571428571429
Berlin,215.0
Midway Island,4977.0
,1981.1280991735537
America/New_York,1687.5
Atlantic Time (Canada),1058.3333333333333
Mountain Time (US & Canada),985.0
Karachi,1396.5
London,1946.4358974358975
Mumbai,94.0
Brisbane,3541.3333333333335
Tokyo,2419.0
Sydney,633.5
Jerusalem,93.0
Perth,2094.0
Mexico City,2247.5
Central America,500.0
Paris,1085.4285714285713
UTC,43.5
Athens,873.8571428571429
Istanbul,999.0
Alaska,25941.0
America/Denver,4975.0
Warsaw,142.0
Indiana (East),2203.0
Hong Kong,778.0
Pacific/Honolulu,672.0
Amsterdam,1346.7142857142858
Brussels,822.0
Buenos Aires,579.0
Taipei,550.0
Muscat,879.0
Helsinki,1576.0
Eastern Time (US & Canada),2064.9193548387098
Pacific Time (US & Canada),2285.4295774647885
Arizona,2126.0
Bogota,151.0
Abu Dhabi,449.0
Brasilia,2893.0
Europe/London,2172.0
Melbourne,888.8333333333334
Rome,2038.0
Islamabad,12.0
West Central Africa,390.0
La Paz,316.0
GMT,2317.0
New Delhi,1012.8888888888889
Greenland,13507.0
Tehran,239.0
Pacific/Auckland,4956.0
Asia/Tehran,196.0
Tijuana,2772.5
